ID	Year	Mon	Res	solids	NTU	org/ml	MPN/100ml	MPN/100ml	LosR	Silica	Ca	Mg	Ca+Mg	NO3	NO3 (USGS)	Cl2	Na	SO4	K	pH	Alk	Hard	Nhard	C USGSTemp	F USGS	Temp	MD Precip inch/mon	MD Temp F
	1905	1																									3.8	28
	1905	2																									2.76	24.4
	1905	3																									3.21	44.6
	1905	4																									2.84	51.7
	1905	5																									2.98	63.9
	1905	6																									4.55	70.7
	1905	7																									7.94	74.8
	1905	8																									5.26	72.5
	1905	9																									2.78	66.4
	1905	10																			75						2.82	56.1
	1905	11																									1.32	42.4
	1905	12														3.45					74	75					4.37	35.8
	1906	1														3.25					78	86					2.96	38.1
	1906	2												0.797		1.96					51	56					2.52	32.2
	1906	3												0.685		1.8					40	48					4.89	35.9
	1906	4												0.944		1.52					40	50					3.25	53
	1906	5												0.735		1.93					62	72					2.65	62.6
	1906	6												0.794		2.16					67	78					6.03	71.4
	1906	7												0.745		1.79					73	80					5.28	73.5
	1906	8												0.569		1.63					57	67					8.44	75.2
	1906	9												0.794		1.96					80	86					1.3	70
	1906	10												0.744		2.92					79	85					5.21	54.9
	1906	11												0.933		2.82					65	69					1.46	44.3
	1906	12												0.95		2.9					53	60					4.19	34.9
	1907	1												1.16		1.93					39	47					3.31	35
	1907	2												1.331		2.3					48	59					2.48	27
	1907	3												1.325		1.85					37	46					3.35	45.3
	1907	4												1.155		1.96					50	57					3.35	45.9
	1907	5												0.667		1.78					48	52					4.56	57.3
	1907	6												0.368		1.89					47	59					5.81	64.3
	1907	7												0.66		2.84					58	63					4.15	74.2
	1907	8												0.514		2.07					70	78					4.46	70.9
	1907	9												0.433		1.8					81	87					6.44	67.6
	1907	10												0.74		2.04					69	72					2.36	50.6
	1907	11												0.517		2.63					51	61					5.37	41.9
	1907	12												0.607		2.21					46	56					4.2	36.3
	1908	1												0.739		1.83					43	49					3.36	32
	1908	2												0.65		2.28					48	54					4.34	28.4
	1908	3												0.481		1.23					38	45					3.22	44.9
	1908	4												0.383		2.22					55	66					2.31	53.4
	1908	5												0.375		1.5					39	43					6.2	62.7
	1908	6												0.395		1.86					66	72					2.16	69.9
	1908	7												0.325		1.91					79	90					4.99	76.1
	1908	8												0.433		1.87					72	75					5.05	71.3
	1908	9												0.267		2.53					85	87					2.48	65.3
	1908	10												0.205		2.58					96	108					2.36	56.8
	1908	11												0.2		2.85					70	100					0.97	43.7
	1908	12												0.26		3.64					81	103					3.23	35.3
	1909	1												0.207		2.23					61	77					2.84	34.3
	1909	2												0.471		1.31					41	56					3.7	40.7
	1909	3												0.605		1.67					40	53					3.75	39.4
	1909	4												0.319		1.76					45	60					3.53	51.5
	1909	5												0.275		1.51					48	53					3.57	61.5
	1909	6												0.243		1.42					45	48					5.12	71.3
	1909	7												0.15		1.41					68	68					1.63	72.7
	1909	8												0.1		2.03					90	96					3.15	71.3
	1909	9												0.18		3.46					97	102					3.47	64.8
	1909	10												0.121		3.86					103	110					1.8	51
	1909	11												0.151		4.05					92	104					1.18	48.3
	1909	12												0.248		4.24					81	108					3.69	29.9
	1910	1												0.425		3.12					56	83					4.54	31.3
	1910	2																									2.51	31.9
	1910	3																									1.19	48.2
	1910	4																									5.61	54.9
	1910	5												0.265		2.5					60	84					3	59.3
	1910	6												0.15		1.65					47	64					5.8	67.2
	1910	7												0.146		2.36					70	89					2.53	75.5
	1910	8												0.093		3.03					88	96					2.83	71.9
	1910	9												0.099		3.89					99	105					1.97	68.8
	1910	10												0.05		4.69					102	110					3.23	58.4
	1910	11												0.098		4.65					99	114					2.09	39.1
	1910	12												0.293		5.1					110	114					2.36	27.6
	1911	1												0.611		3.75					51	66					4.11	36.1
	1911	2												0.975		3.31					39	51					2	34.4
	1911	3												0.613		2.26					38	46					2.59	39
	1911	4												0.325		2.51					37	47					3.22	47.8
	1911	5												0.171		1.88					59	67					1.11	66.8
	1911	6												0.25		2.75					69	101					4.19	71
	1911	7												0.224		2.93					68	85					2.78	76.4
	1911	8												0.14		4.1					76	86					10.09	74.3
	1911	9												0.525		2.95					54	60					2.9	68.6
	1911	10												0.31		3.14					54	53					3.5	55.7
	1911	11												0.325		3.35					48	51					4.07	41.5
	1911	12												0.4		3.56					48	51					3.71	39.2
	1912	1												0.55		2.66					47	49					2.69	23.1
	1912	2												0.625		2.14					45	43					2.6	28.4
	1912	3												0.738		2.43					36	39					6.78	38.7
	1912	4												0.59		2.41					49	47					2.74	53.6
	1912	5												0.325		1.83					42	47					4.14	63.4
	1912	6												0.319		2.91					69	76					4.11	68.7
	1912	7												0.62		2.61					63	79					5.62	73.8
	1912	8												0.65		2.55					66	67					2.97	71.1
	1912	9												0.425		3.8					81	83					6.15	68.5
	1912	10												0.82		4.45					70	71					1.55	57.5
	1912	11												0.675		4.85					80	97					2.08	45.2
	1912	12												0.4		3.88					80	79					3.94	37.6
	1913	1												0.73		3.6					32	53					3.29	40.9
	1913	2												0.738		4.28					55	63					1.52	33.2
	1913	3												0.738		4.28					55	63					4.63	46.4
	1913	4												0.62		3.84					41	47					4.44	52.8
	1913	5												0.825		2.83					54	57					4.33	61.9
	1913	6												0.588		3.19					57	57					2.27	70.6
	1913	7												0.5		3.97					80	86					2.97	75.2
	1913	8												0.25		4.08					86	92					3.95	72.6
	1913	9												0.233		3.54					93	104					2.75	65.9
	1913	10												0.275		4.73					72	92					4.59	57.4
	1913	11												0.471		3.85					54	87					2.24	46.2
	1913	12												1		3.92					59	88					2.48	38.2
	1914	1												0.425		3.65					48	71					4.1	35.3
	1914	2												0.338		3.78					46	65					2.93	27.4
	1914	3												0.389		3.68					42	58					2.44	37
	1914	4												0.257		3.26					41	43					3.91	50.4
	1914	5												0.225		3.55					48	53					2.07	64.4
	1914	6												0.13		4.41					63	83					3.97	71.8
	1914	7												0.263		4.45					61	79					2.85	73.9
	1914	8												0.263		4.71					76	95					4.91	74
	1914	9												0.163		4.93					71	105					1.24	64
	1914	10												0.3		5.19					81	114					1.74	58.6
	1914	11												0.167		5.45					82	127					2.08	43.3
	1914	12												0.47		4.45					59	94					4.45	31
	1915	1												0.663		3.6					34	56					6.12	33.1
	1915	2												0.638		3.58					38	50					4.57	36.2
	1915	3												0.217		4.29					48	59					1.16	35.8
	1915	4												0.357		3.91					66	70					1.57	55.8
	1915	5												0.4		4.35					66	74					3.84	60
	1915	6												0.35		3.41					56	60					5.09	67.9
	1915	7												0.263		4.45					84	90					3.44	73.8
	1915	8												0.4		4.45					63	69					8.34	72
	1915	9												0.4		4.14					64	70					2.34	68.6
	1915	10												0.725		3.9					61	63					3.88	57.3
	1915	11												0.45		4.14					73	78					1.49	43.9
	1915	12												0.4		4.5					58	101					3.22	32.2
	1916	1												0.475		3.91					42	56					1.85	37.3
	1916	2												0.438		4.13					42	49					3.41	31
	1916	3												0.5		3.97					40	71					3.94	35.1
	1916	4												0.563		3.75					46	48					3.12	50.3
	1916	5												0.479		3.28					60	57					3.62	63.9
	1916	6												0.325		4.04					60	60					6.3	66.5
	1916	7												0.28		3.98					67	73					5.68	75.5
	1916	8												0.725		4.48					72	79					2.45	73.7
	1916	9												0.256		4.01					71	72					3.52	64.5
	1916	10												0.117		5.4					79	86					1.97	54.9
	1916	11												0.171		5.61					82	100					2.22	44.1
	1916	12												0.188		5.18					70	87					3.68	32.8
	1917	1												0.271		4.06					44	58					3.18	32.7
	1917	2												0.333		3.97					50	63					2.27	30.7
	1917	3												0.283		3.59					35	49					5.41	40.3
	1917	4												0.2		3.09					48	59					2.42	51.3
	1917	5												0.16		3.73					66	71					3.03	56.5
	1917	6												0.267		3.18					45	50					4.11	69.6
	1917	7												0.25		4.35					75	83					6.67	74.4
	1917	8												0.26		4.1					73	87					3.19	72.9
	1917	9												0.4		4.98					74	85					2.72	61.9
	1917	10														5.36					92	108					5.7	50.3
	1917	11												0.306		4.24					68	87					0.61	40.3
	1917	12												0.763		3.3					78	82					1.64	25.8
	1918	1												0.54		4.63					63	78					4.4	20.6
	1918	2												0.5		3.57					41	52					1.64	32.7
	1918	3												0.517		3.03					48	61					3.66	44.8
	1918	4												0.275		2.92					47	57					5.93	49.9
	1918	5												0.314		3.57					65	73					3.81	67
	1918	6												0.486		3.89					73	83					2.34	68.2
	1918	7												0.54		4.02					87	92					3.29	72
	1918	8												0.6		3.18					71	92					3.23	75.6
	1918	9												0.613		3.65					71	86					3.87	62.6
	1918	10												0.31		4.18					91	98					1.44	59.1
	1918	11												0.457		4.09					67	89					1.5	44.1
	1918	12												0.663		3.65					48	72					4.38	39.7
	1919	1												0.79		2.72					34	52					3.55	35.4
	1919	2												0.825		3.2					39	60					2.46	34.6
	1919	3												0.825		2.86					31	50					3.92	45
	1919	4												0.49		2.84					37	53					3.36	50.6
	1919	5												0.538		3					28	48					5.35	62.1
	1919	6												0.8		3.11					36	59					3.31	71.7
	1919	7												0.68		3.16					45	67					7.68	75.1
	1919	8												0.444		3.66					54	73					5.45	71.5
	1919	9												0.378		3.73					76	77					2.43	67.5
	1919	10												0.45		4.65					76	82					3.34	61.9
	1919	11												0.556		3.63					51	65					3.35	44.6
	1919	12												0.61		3.33					42	60					2.95	28.9
	1920	1												0.669		3.19					44	56					2.5	27.2
	1920	2												0.45		2					29	49					4.14	30.5
	1920	3												0.57		1.9					28	48					3.03	42.4
	1920	4												0.55		2.25					32	50					4.8	49.7
	1920	5												0.394		2.16					43	57					1.95	57.7
	1920	6												0.365		2.48					47	63					5.4	69.5
	1920	7												0.471		3.36					50	70					4.84	72.4
	1920	8												0.313		4.03					58	79					6.96	73
	1920	9												0.369		2.83					58	67					3.23	67.1
	1920	10												0.338		2.78					61	68					0.85	59.7
	1920	11												0.35		3.97					75	80					3.89	43.5
	1920	12												0.42		4.28					73	76					3.47	36.6
	1921	1	85							8	18	4	22	0.531		2.88	3.3	16	1.4		46	59	4.5				2.35	34.9
	1921	2	86							9.3	18	4.1	22.1	0.494		2.88	2.5	16	1.3		42	57	2.9				2.98	36.8
	1921	3	80							7.7	16	3.9	19.9	0.55		2.25	2.1	16	1.2		45	60	2.9				2.42	52.8
	1921	4	94							7.1	21	4.8	25.8	0.475		3.08	2.9	17	1.5		55	70	2.3				3.15	56.9
	1921	5	83							7.2	18	4	22	0.613		2.28	2.2	15	1.6		39	54	2.9				5.49	60.6
	1921	6	95							6	23	4.9	27.9	0.54		2.88	2.5	16	1.3		62	78	2.5				2.5	71.7
	1921	7	118							6.4	27	6.1	33.1	0.613		3.22	3	25	1.3		64	87	3				4.49	77.1
	1921	8	115							4.9	25	5.9	30.9	0.569		3.18	3.6	22	1		65	85	2.5				3.75	70.8
	1921	9	123							6.3	29	7.3	36.3	0.44		1.5	3.6	23	1.5		32	46	1.4				3.61	71.9
	1921	10	125							4.6	29	6.7	35.7	0.7		1.5	3.5	23	1.7		32	46	2.8				1.1	55.2
	1921	11	140							7.1	33	7.3	40.3	0.4		1.5	3.9	28	1.7		32	46	1.8				4.42	45.9
	1921	12	93								21	5	26	0.613		2.91	2.8	23	1.2		48	63	3.3				2.59	35.5
	1922	1												0.585		2.85					50	59					4.11	29.5
	1922	2												0.731		2.79					43	56					3.28	36.3
	1922	3												0.675		2.72					36	49					4.77	43.4
	1922	4												0.731		3.31					51	65					1.85	52.9
	1922	5												0.335		2.3					54	66					3.22	64
	1922	6												0.581		3.63					65	66					5.18	72.3
	1922	7	107						36		33.6	4.6	38.2	0.5		5.01		19.7			70	73				80	6.06	74.3
	1922	8	121						71		27	3.3	30.3					16.8								77	3.23	71.2
	1922	9	127						43		27	5.8	32.8					20.2		8						74	2.71	68
	1922	10									31.4	9.6	41	0.25		4.8		21.1		8	81					63	1.95	57.8
	1922	11	152						55		33.6			0.21		4.7		17.1		8	97	117				49	0.66	45.4
	1922	12	189						53		36.5	6.2	42.7	0.25		5.9		24.7		7.9	104	118				38	3.86	35.6
	1923	1	124						39		26.4	6.2	32.6	0.44		3.8		29.7		7.6	97	91				35	4.27	34.1
	1923	2	100						30		17.7	3.4	21.1	0.57		2.8		23.8		7.4	52	58				34	2.91	29.8
	1923	3	90						29		17.3	3.6	20.9	0.53		3.2		20.4		7.4	38	58				41	4.28	42.5
	1923	4	88						26		18.5	3	21.5	0.63		3.2				7.2	41	53				52	4.17	50.5
	1923	5	138						42		21.2	2.4	23.6	0.65		3.5		18.4		7.7	56	63				64	1.97	60.3
	1923	6	109						37		24.2	4.7	28.9	0.55		3.8		20		7.6	76	79				76	3.09	73
	1923	7	100						32		27.8	3.9	31.7	0.33		5		24.3		7.9	81	83				79	4.66	73.5
	1923	8	94						30		27.7	6	33.7	0.53		3.9		24		7.6	71	84				77	3.16	72.3
	1923	9	120						40		25.4	4.3	29.7	0.66		3.3		27.2		7.6	70	80				72	3.58	67.6
	1923	10	108						38		28	5.8	33.8	0.63		4.4		22.5		7.8	89	100				61	2.4	54.3
	1923	11	125						43		34	4.9	38.9	0.67		6.1		15.7		7.8	85	79				47	2.65	43
	1923	12	115						26		26	4.2	30.2	0.55		5.4		22.7		7.4	55	74				43	3.62	43.1
	1924	1	88						26		17.2	1.4	18.6	0.5		4		20.4		7.3	39	51				36	4.22	32.8
	1924	2	84						22		17.2	3.4	20.6	0.55		4.1		22.2		7.4	43	60				35	3.59	31.4
	1924	3	78						22		17.2	3.3	20.5	0.65		2.9		19.9		7.2	35	41				40	5.04	39.9
	1924	4	81						27		15.9	1.5	17.4	0.66		2.6		23.2		7.4	43	52				51	4.97	48.9
	1924	5	86						29		19.5	1.8	21.3	0.57		3.2		22.7		7.5	49	59				61	6.63	57.9
	1924	6	91						30		20.4	1.6	22	0.55		4.1		23.6		7.5	52	67				71	5.26	68.8
	1924	7	108						38		24.1	2.5	26.6	0.62		4.3		24.7		7.8	68	75				77	2.45	72.5
	1924	8	123						46		28	4.1	32.1	0.57		5.5		18.6		7.7	85	99				78	4.06	72.9
	1924	9	137						50		33.2	4.8	38	0.67		6				7.9	97	110				69	6.28	62.3
	1924	10	118						45		28	2.9	30.9	0.6		4.8		21.2		7.8	76	80				60	0.42	55.4
	1924	11	119						47		30	3.1	33.1	0.54		5.2		22.7		7.8	93	97				49	1.82	43.6
	1924	12	122						45		28.4	3.1	31.5	0.65		5.4		14.3		7.6	74	82				37	2.35	34.4
	1925	1	115						45		26	1.9	27.9	0.64		4.9		15.2		7.9	63	71				34	4.76	30.3
	1925	2	94						35		19.5	1.3	20.8	0.61		3.7		17			38	43				35	1.61	39.9
	1925	3	102						42		18.5	1.4	19.9	0.53		4.4		20.7		7.7	54	54				45	2.28	44
	1925	4	100						44		20	1.1	21.1	0.58		4.7		21.4		7.8	52	64				56	2.5	54.1
	1925	5	104						45		19.6	1.3	20.9	0.45		3.6		22.2		7.5	44	47				63	1.99	58
	1925	6	104						45		25.2	4.3	29.5	0.51		5.4		24.4		7.9	74	78				77	2.4	74.8
	1925	7												0.5		5.9				7.7		83				78	5.24	74.2
	1925	8												0.45		5.6				7.9		85				72	2.41	71.2
	1925	9												0.4		5.4				7.9		91				68	1.85	70.8
	1925	10												0.5		5.6				7.8		88				58	5.53	50.5
	1925	11												0.59		3.7				7.4		62				42	3.17	42
	1925	12												0.59		4.8				7.8		59				38	1.87	34.6
	1926	1												0.56		4.4				7.4		59				34	3.24	31.6
	1926	2												0.55		3				7.3		44				34	4.16	33.3
	1926	3												0.58		4.2				7.4		51				38	2.24	37.2
	1926	4												0.64		4.6				7.5		50				50	1.73	48.8
	1926	5												0.64		4.8				7.8		75				65	1.99	61.2
	1926	6												0.64		5.7				7.9		83				71	2.7	66.9
	1926	7																									5.43	74.4
	1926	8																									6.63	74.4
	1926	9																									5.34	67.2
	1926	10																									3.43	55.3
	1926	11																									4.53	42.1
	1926	12																									3.22	31.4
	1927	1																									1.66	31.9
	1927	2																									4.03	39
	1927	3																									1.75	44.6
	1927	4																									4.93	48.8
	1927	5																									3.01	60.9
	1927	6																									3.59	66.2
	1927	7																									3.79	73.6
	1927	8																									4.03	68
	1927	9																									1.41	67.2
	1927	10																									6.05	58.1
	1927	11																									2.83	48.9
	1927	12																									3.77	36.4
	1928	1																									2.57	33.6
	1928	2																									2.9	34.5
	1928	3																									3.01	40.9
	1928	4																									5.89	48.8
	1928	5																									2.49	59.7
	1928	6																									5.85	68.4
	1928	7	144						42		20	1	21			5		18			56	53					4.39	75.1
	1928	8	213						112		24.8	1.3	26.1	0.6		5.2		16.4			63	66					9.22	75.1
	1928	9	136						54		24	2.1	26.1	0.65		5.1		20.5			68	68					4.61	62.5
	1928	10	137						45		28	1.1	29.1	0.65		5.2		21			73	74					1.03	57.2
	1928	11	140						44		29	1.6	30.6	0.8		5.2		18									1.94	46.1
	1928	12	120						45		24	1	25	0.85		6		21				65					1.56	36.3
	1929	1	120						31		18	1.3	19.3	0.85		5.2		22									2.78	32
	1929	2	124						39		17	2.1	19.1	0.85		5.4		24									3.72	31.8
	1929	3	136						30		14	2.1	16.1	0.8		5.4		24			41	44					3.19	47.2
	1929	4																									6.49	54.3
	1929	5	112						36		18	1.3	19.3	0.8		5.3		21									3.22	61.3
	1929	6																									5.06	69.7
	1929	7	140						31		32	1.1	33.1	1		5.2		21.4		8	80	84	17			78	1.83	73.8
	1929	8	160						56		32	4.4	36.4	0.9		4.8		26.2		8.2	93	101	18			75	2.73	70.9
	1929	9	186						52		34	1.3	35.3	0.85		5.2		30.3		8.2	90	91	21			72	3.71	67.6
	1929	10	131						43		23	1.1	24.1	0.8		5.2		17		7.7	55	62	16			57	5.62	52.9
	1929	11	127						40		20	1	21	0.9		5		13		7.5	55	62	16			57	2.67	45
	1929	12	120						40		23	1	24	0.85		5.2		18		7.6	58	60	19			35	2.45	36.2
	1930	1	100						34		21	1.2	22.2	0.85		5.3		16.4		7.5	51	57	19			37	2.77	33.2
	1930	2	120						46		20	1.6	21.6	0.85		5.2		19		7.5	45	50	19			37	2.15	38.3
	1930	3	136						40		19	1.6	20.6	1.1		5.3		19		7.5	44	53	23			41	2.19	41.4
	1930	4	132						27		20	1	21	0.9		5		13		7.7	47	52	13			52	2.56	49.5
	1930	5																		7.9	62	75	14			69	2.12	64.1
	1930	6	150						50		32	1.6	33.6	0.9		5		24		7.8	76	87	19			76	3.4	71.4
	1930	7	150						44	8.8	33	1.5	34.5	0.9		5		26		8.2	79	90	18			85	1.47	76.4
	1930	8	202						48	8	36	2.8	38.8	1		4.5		27		8.2	84	84	18			75	1.07	73.3
	1930	9	178						50	8	36	4.3	40.3	0.9		5		26		8.2	88	107	21			70	1.36	72.3
	1930	10	192						56	6	40	3.1	43.1	0.95		4.8		28		8.2	86	113	21			58	0.75	53.4
	1930	11	202						74	5	43	4.8	47.8	0.9		5		27		8	104	127	15			44	1.21	43.7
	1930	12	222						68	5.5	44	3.5	47.5	0.9		5		28		8	117	130	17			38	2.72	32.5
	1931	1	265						58	10	33	1	34	0.9		5		26		7.6	77	82	27			34	1.73	33.9
	1931	2	200						68	9	30	1	31	0.9		5.2		26		7.8	66	77	27			37	1.68	35.8
	1931	3	168						42	9.2	25	1.2	26.2	0.9		5.2		24		7.4	45	67	23			43	4.34	38.4
	1931	4	156						48	10	18	2	20	0.9		5.1		21		7.4	35	54	22			52	3.13	50.2
	1931	5	150						38	9.8	18	1.2	19.2			5.2		21		7.4	37	49	22			62	4.39	61.6
	1931	6	148						63	16	23	1.2	24.2	0.9		5.2		23		7.5	44	62	25			75	3.48	70.2
	1931	7												0.9				26		7.5	51	69	18			81	4.67	77.2
	1931	8	156						48	10	32.2	3.1	35.3	1		5.2		20		7.8	68	93	17			79	8.06	73.4
	1931	9	172						37	8	30	2.1	32.1	0.9		5.2		27		7.8	80	83	18			75	2.78	71.4
	1931	10	175						70	8	39	2.6	41.6	0.95		5.2				8	97	104	17			62	1.88	58.8
	1931	11	203						73	10	42	2.6	44.6	0.9		6.6		27		7.9	114	117	23			53	0.98	50.9
	1931	12	202						82	13	35	3.1	38.1	0.9		5.7		29		7.8	88	99	19			41	2.49	42.1
	1932	1	152						50	7.6	22	1	23	0.9		5.8		21		7.5	47	60	25			43	5.09	43.8
	1932	2	158						24	7	20	1.1	21.1	0.9		5.8		21		7.5	43	55	19			40	2.38	39.5
	1932	3	158						43	12.8	19	1	20	0.9		3.8		21		7.4	39	50	18			40	5.79	37.4
	1932	4	132						40	12	17	1	18	0.9		5.8		20		7.4	39	47	23			52	2.27	49.4
	1932	5	146						58	9	19	1	20			5.6		28		7.5	47	51	20				5.16	61.2
	1932	6	156						44	14	32	1.2	33.2	0.9		5.2		23		7.9	73	82	23			75	3.8	70.3
	1932	7	173						63	14	30	2	32			5.4		24		8.1	75	83	24			80	3.26	74.4
	1932	8												0.9						8.1	86	93	21			77	2.5	74.3
	1932	9	160						49	5	28	8.1	36.1			5		41		8.6	90	104	24			72	2.27	67.3
	1932	10	131						42	3	23	4.8	27.8			5		21		7.3	67	77	17			54	6.35	56
	1932	11	102						27	5	12	2.8	14.8			5		27		7.6	36	41	19			46	5.09	42.6
	1932	12	114						34	5	22	3	25	0.7		4		17		7.5	54	65	20				3.36	37.1
	1933	1	99						32	3.4	17	3.1	20.1	0.7		4		18		7.4	46	54	19			40	3.2	40.2
	1933	2	94						27	3.4	18	2.6	20.6	0.8		4.4		21		7.4	39	50	18			36	3.08	35.4
	1933	3	92						29	4.4	15	2.6	17.6	0.8		3.6		18		7.4	38	48	18			41	4.06	39.7
	1933	4	89						30	4	12	3.5	15.5			3.6		17		7.5	38	94	18			54	5.23	51.7
	1933	5	92						30	2.2	18	2.5	20.5	0.7		3.8		19		7.5	47	52	20			65	5.47	64.3
	1933	6	133						50	2.4	20	3.7	23.7	0.6		5.2		23		7.7	68	74	21			75	2.63	71.9
	1933	7	135						51	1.4	32	2.5	34.5	0.8		6		22		7.4	78	92	23			78	5.72	73.6
	1933	8	134						45	2.6	24	2.2	26.2	0.8		5.4		21		7.7	66	68	20			77	10.07	73.5
	1933	9	116						34	1.6	21	3.5	24.5	0.86		5.8		17		7.7	54	62	14			71	3.04	69.6
	1933	10	141						42	3.2	25	3.1	28.1	0.58		5.8		27		8	68	77	21			60	1.98	54.4
	1933	11	164						55	3.2	33	4.4	37.4	0.85		5.6		25		8.1	82	102	21			44	1.49	41.8
	1933	12	149						51	1.6	32	2.6	34.6	0.8		5.6		28		7.9	71	90	21			38	3.08	36
	1934	1	96						33	2	17	3.1	20.1	0.85		3.8		19		7.4	40	53	21			36	2.45	36.4
	1934	2	131						41	2.7	27	2.4	29.4	1		6		22		7.6	64	74	17			32	3.15	21.6
	1934	3	82						34	2.2	16	2.6	18.6	1		5.8		17		7.8	49	50	18			38	4.68	38.1
	1934	4	96						32	5.6	15	2.7	17.7	0.85		5.4		17		7.3	36	50	16			54	2.6	50.7
	1934	5	190						37	4.2	18	3.4	21.4	0.85		4.8		16		7.6	52	78	20			67	5.08	63.3
	1934	6	129						50	2.6	23	4.1	27.1	0.85		6		20		7.8	67	80	17			77	3.21	74.1
	1934	7	132						49	3.4	25	5.7	30.7	0.8		5.6		22		8.6	80	86	17			84	3.15	78
	1934	8	160						50	3.6	36	3.8	39.8	0.9		6		24		7.9	82	94	18			78	4.73	71.7
	1934	9	98						38	4.6	24	3.1	27.1	0.75		6.03		25		7.7	61	66	17			72	9.17	68
	1934	10	160						48	4.6	26	2.2	28.2	0.87		5.8		21		7.7	65	74	16			60	1.36	54.1
	1934	11	136						50	1.4	30	4.4	34.4	0.85		5.8		21		7.9	76	94	20			47	3.62	47
	1934	12	107						40	1.8	26	2.8	28.8	0.85		4.2		20		7.5	47	66	16			37	2.63	34.4
	1935	1	98						32	2.6	18	2.8	20.8	0.8		4		19		7.4	42	55	18			35	4.74	30.7
	1935	2	109						39	1.4	18	2.6	20.6	0.8		5		19		7.4	42	53	17			36	2.73	32.4
	1935	3	96						34	2.4	18	3.5	21.5	0.8		4		21		7.5	43	55	16			47	3.09	46.9
	1935	4	192						34	2.2	19	3	22	0.88		4.2		15		7.5	43	55	18			52	3.83	48.8
	1935	5	104						43	1.8	18	3.2	21.2	0.9		4.6		19		7.65	48	59	15			64	3.65	58.8
	1935	6	134						47	1.6	24	3.8	27.8	0.85		5		26		7.5	58	76	10			75	4.62	70
	1935	7	170						48	4.8	36	3.9	39.9	0.75		6.8		23		8	77	88	10			82	4.44	76.5
	1935	8	150						53	2	32	2.8	34.8	0.75		7.2		25		8.6	81	90	9			79	3.31	73.7
	1935	9	109						55	2.6	27	1.2	28.2	0.81		7.8		25		8	64	75	9			67	8.64	64.6
	1935	10	139						51	4	35	2.5	37.5	0.8		7.6		25		8.2	82	97	16			61	2.71	55.6
	1935	11	125						56	6.7	24	9.1	33.1	0.8		5		28		7.6	60	80	20			53	4.46	47.9
	1935	12	106						36	1	17	3.2	20.2	0.8		6.8		21		7.5	43	58	16			34	2.53	29.3
	1936	1	92						28	2.8	17	3.3	20.3	0.75		5.2		18		7.3	36	51	16			35	6.19	27.7
	1936	2	110						38	4	18	3.3	21.3	0.7		6.6		13		7.3	46	60	14			33	3.96	25.9
	1936	3	87						32	4	11	3.5	14.5	0.8		4		20		7.3	30	44	12			44	5.55	46.4
	1936	4	98						37	2	19	2.2	21.2	0.87		4.3		18		7.7	44	55	17			53	2.94	48.9
	1936	5	151						63	1.6	26	9.5	35.5	0.9		7.1		29		8	66	88	19			67	2.02	64.1
	1936	6	147						50	2	31	4.3	35.3	0.87		6.2		23		7.4	76	95	18			73	3.29	70.2
	1936	7	161						62	2	38	2.6	40.6	0.9		8.5		33		8.1	82	102	19			80	4.16	75.4
	1936	8																		8.1	75	100	19			80	4.33	75.5
	1936	9	198						6.6	5	38	5.7	43.7	0.79		7.6		27		8.3	92	113	23			74	2.59	68.8
	1936	10	161						54	3.4	30	6.3	36.3	0.9		6.5		26		7.9	76	101	24			63	3.26	57.4
	1936	11	149						94	2.4	23	5.3	28.3	0.85		5.8		25		7.9	71	99	24			48	1.06	42.4
	1936	12	111						36	3.8	16	2.2	18.2	0.9		5.8		22		7.4	44	64	19			39	5.49	37.2
	1937	1	92						37	3.2	16	3.5	19.5	0.92		4		21		7.3	31	49	18			44	7.78	41.5
	1937	2	100						35	4	19	3.9	22.9	0.9		5.6		21		7.3	35	54	19			40	3.2	34.2
	1937	3	92						28	1.6	18	4.4	22.4	0.9		4.7		20		7.6	43	62	15			44	2.1	38.7
	1937	4	102						30	3	18	3.9	21.9	0.9		5.8		15		7.8	48	65	14			55	6.32	50.4
	1937	5	132						59	3	21	3.9	24.9	1.1		5.7		19		7.8	54	68	14			64	3.45	62.5
	1937	6	139						53	5	25	3.1	28.1	0.9		7		15		7.7	59	76	17			77	5.07	72
	1937	7	110						38	3	24	5.3	29.3	0.85		6.6		19		8	69	81	13			77	4.02	74.6
	1937	8	113						41	4	36	3.1	39.1	0.9				21		7.9	71	88	15			79	7.08	75.3
	1937	9	122						50	3	24	4.4	28.4	0.9		8		16		7.9	65	79	13			70	1.79	63.5
	1937	10	127						66	3	25	2.2	27.2	0.5		6		17		7.8	63	75	13			59	6.95	53
	1937	11	97						38	4	22	1.9	23.9	0.8		5.2		18		7.2	73	63	23			48	3.56	43.5
	1937	12	114						40	4	25	2.5	27.5	1		5.6		15		7.6	50	73	23			39	1.33	33.9
	1938	1	102						42	3	21	4.4	25.4	1		5.2		18		7.6	44	69	26			38	2.39	32.9
	1938	2	97						36	3	19	4	23	1.3		4.9		15		7.8	39	64	23			41	2.66	38.2
	1938	3	94						28	2.6	17	5.3	22.3	1.2		5.3		19		7.8	39	64	24			47	2.87	46.2
	1938	4	97						31	4	18	4.4	22.4	1.6		4.3		19		7.7	44	64	20			56	1.81	53.9
	1938	5	98						25	4	23	3.2	26.2	0.6		6.6		23		7.9	48	70	21			65	4.36	60.8
	1938	6	127						48	2.6	26	3.2	29.2	0.95		5.8		23		7.7	54	76	22			74	4.29	69.5
	1938	7	122						30	3	26	3.2	29.2	0.8		5.5		20		7.9	63	78	15			80	7.63	75.5
	1938	8	117						40	3	22	4.3	26.3	0.8		5.7		17		7.8	60	76	16			81	2.51	75.8
	1938	9	141						46	4.4	27	2.6	29.6	0.7		4		18		8	70	79	12			71	6.07	65.2
	1938	10	152						60	2	27	4.9	31.9	0.75		8.8		21		8.3	75	90	16			61	2.01	55.9
	1938	11	146						54	1.6	28	5.3	33.3	0.72		7.6		20		8.1	73	93	19			49	2.87	47.1
	1938	12	108						39	3	22	1.9	23.9	0.79		6.8		21		7.6	93	58	16			40	2.86	35.6
	1939	1	106						35	2.6	19	3.9	22.9	0.75		6.6		19		7.7	47	64	17			38	3.7	34.5
	1939	2	80						37	2.8	16	3.5	19.5	0.75		6		15		7.3	33	50	16			41	5.2	38.7
	1939	3	90						27	3	18	3.9	21.9	1		4		16		7.3	37	60	23			47	3.92	43.2
	1939	4	86						22	3.2	16	3.8	19.8	0.75		4		18		7.5	36	66	18			54	5.03	50.3
	1939	5	109						42	4		3.1		0.8		4		16		7.9	53	67	17			67	1.08	64.3
	1939	6	133						55	6	25	4.9	29.9	0.9		4.1		24		7.8	65	85	18			79	4.89	72.4
	1939	7																		8	65	85	21			79	3.72	73.4
	1939	8	131						47	4	30	4.2	34.2			7		22		8	66	90	23			81	4.5	75.7
	1939	9	141						42	2	31	5	36			5.3		21		8	84	95	12			75	3.26	68.1
	1939	10	128						44	4.4	28	3.4	31.4			4.6		25		8.1	73	83	12			64	4.82	56.3
	1939	11	134						38	7.4	28	1.9	29.9			5.4		25		7.9	59	77	24			47	1.35	42.4
	1939	12	129						51	5	34	1.3	35.3			5.8		29		8.3	79	89	10			41	1.97	37
	1940	1	120						31	3.4	27	1.8	28.8			5.7		30		7.7	66	75	10			34	2.43	21.5
	1940	2	112						38	4.2	22	2	24			3		20		7.4	47	60	18			41	2.98	33.1
	1940	3	95						21	4.8	18	2.6	20.6			3.7		15		7.4	37	55	19			48	3.86	37.3
	1940	4	79						25	3	17	2.9	19.9			4.7		16		7.3	37	53	17			63	5.88	47.2
	1940	5	93						35	2	22	4.8	26.8			4.2		16		7.8	54	71	18			73	4.4	61.4
	1940	6	102						37	3.8	22	5.2	27.2			4.4		21		7.6	51	75	23			57	2.03	71.3
	1940	7																		8	68	82	13			80	3.48	74.5
	1940	8	123						39	1.8	29	3.9	32.9	1		8.2		23		7.9	81	87	12			78	5.29	71.1
	1940	9	119						39	4.6	23	3.4	26.4	0.9		6.4		16		7.9	59	70	13			71	3.47	63.8
	1940	10	129						40	3.6	27	3.1	30.1	1		7.8		25		8	69	78	9			59	2.36	52.6
	1940	11	132						40	2.2	19	3.6	22.6	1		6		31		7.6	53	63	14			51	5.09	44.5
	1940	12	108						24	4.8	18	5.7	23.7	0.7		6		26		7.7	54	68	13			43	2.5	39.6
	1941	1	112						31	4	22	3.1	25.1	0.9		6		24		7.6	51	65	15			40	3.06	31.3
	1941	2	107						30	3.6	24	2.2	26.2	0.85		6.3		23		7.6	50	70	21			37	1.49	30.5
	1941	3	101						40	2.5	19	4.8	23.8	0.8		5.3		17		7.7	47	69	22			41	2.28	36.1
	1941	4	111						45	4.6	22	3.5	25.5	0.85		5.8		19		7.6	48	69	23			58	3.09	55.8
	1941	5	101						40	2.8	19	4.8	23.8	0.85		6.3		17		8	74	92	20			69	2.36	63.5
	1941	6	120						45	2.4	26	3.1	29.1	0.8		7.2		26		7.7	58	78	20			74	4.97	69.9
	1941	7	124						40	2.6	24	5.9	29.9	1		6.4		21		7.9	63	84	19			80	5.51	74.9
	1941	8	130																	8	81	104	23			80	3.23	72.5
	1941	9	156						49	5.2	36	5.5	41.5	0.3		6.1		25		8.1	88	113	25			77	0.58	69.2
	1941	10	179						60	4.6	40	6.6	46.6	0.3		7.4		26		8.2	103	128	25			69	1.74	61.3
	1941	11	216						55	3.6	44	7.4	51.4	0.8		3		34		8.4	104	140	34			54	1.68	46.8
	1941	12	188						52	5	34	6.1	40.1	0.64		3.2		25		8.1	80	108	26			45	3.54	38.8
	1942	1	150						52	1.6	30	3.5	33.5	0.95		3.9		27		7.7	40	87	23			40	2.61	31.6
	1942	2																		7.5	44	69	23			38	2.13	30.8
	1942	3	101						33	2.4	20	3.7	23.7	1.2		2.9		23		7.5	39	63	22			47	6.09	43.7
	1942	4	112						50	4	20	3.5	23.5	1.2		2.7		21		7.5	40	60	19			55	1.11	54.6
	1942	5	140						65	2.4	26	3.1	29.1	0.8		2.8		28		7.7	46	75	27			68	4.01	65.4
	1942	6	138						70	3	26	4.8	30.8	0.9		3.7		21		7.7	55	72	18			75	4.25	71.5
	1942	7	166						30	5.1	24	3.7	27.7	0.7		2.6		16		7.8	66	74	10			80	4.88	75.5
	1942	8	106						17	4.6	24	3.9	27.9	0.5		3.6		19		7.5	57	77	22			77	7.55	72.1
	1942	9	157						14	4.5	30	5.8	35.8	0.5		3.4		17		7.8	79	94	15			73	3.11	67.3
	1942	10	169						14	6.8	24	4.5	28.5	0.6		3.9		20		7.5	58	80	21			64	6.54	57.1
	1942	11	122						18	7	25	5.5	30.5	0.59		3.9		21		7.6	63	85	22			53	2.33	45.8
	1942	12	111						15	7.1	22	4.5	26.5	0.9		4.5		19		7.6	53	80	25			41	3.83	31.6
	1943	1	125						22	5.6	19	6.1	25.1	0.8		3.3		18		7.6	48	74	27			40	2.96	33.2
	1943	2	117						17	8.6	19	4.9	23.9	0.5		3.9		18		7.4	42	67	22			40	2.13	35
	1943	3	121						20	7.2	19	3.9	22.9	0.68		3.4		17		7.2	43	64	18			45	3.58	41.7
	1943	4	127						14	5.2	21	4.5	25.5	0.7		2.8		18		7.9	53	71	18			53	3.23	47.6
	1943	5	159						25	6.4	21	4.4	25.4	0.7		3		16		7.7	52	68	16			65	4.58	63.9
	1943	6	152						21	6.3	27	5.6	32.6	0.9		3.3		19		7.8	68	66	14			78	2.51	75.9
	1943	7	151						17	4.6	34	6.7	40.7	1.06		5.6		26		8	86	106	20			80	2.33	75.1
	1943	8	152						15	4.9	33	8.3	41.3	0.53		6.1		30		8.2	92	112	18			81	1.4	75.2
	1943	9	175						17	2.1	34	10.3	44.3	0.4		8.8		38		8.1	97	126	27			72	2	65
	1943	10	181						13	2.2	36	9.8	45.8	0.4		8.7		40		8.1	99	126	28			57	5.14	53.6
	1943	11	139						23	6.9	26	6	32	1.7		7.5		26		7.7	61	86	26			47	3.01	43.1
	1943	12	167						15	3.1	34	8.1	42.1	2.5		7.7		35		8	86	115	34			37	1.45	33.7
	1944	1	115						13	4.9	24	5.1	29.1	2.6		5.2		23		7.6	55	79	24			36	3.35	34
	1944	2	106						14	8.6	22	4.7	26.7	2		4.6		22		7.6	46	74	26			36	2.75	34.6
	1944	3	83						15	7.9	15	3.6	18.6	1.6		2.6		18		7.3	30	50	20			43	5.76	39.4
	1944	4	95						25	6.2	17	3.7	20.7	1.1		2.9		17		7.5	39	59	18			52	4.25	50
	1944	5	92						14	5.2	22	3.1	25.1	1		2.5		19		7.7	48	69	20			68	2.24	67.8
	1944	6	158						30	5.2	35	5.1	40.1	1.6		3		21		7.7	67	92	22			76	3.19	72
	1944	7	169						13	3.5	37	6	43	1.6		4		23		8.1	82	108	24			81	2.76	75.4
	1944	8	151						12	4.2	38	6.5	44.5	1.5		6.2		26		8.1	94	124	30			81	3.43	73.7
	1944	9	161						25	3.3	38	5.2	43.2	1.7		4.3		30		7.9	98	122	24			74	5	67.4
	1944	10	178						17	2.6	34	6.7	40.7	0.4		1.9		34		7.6	84	112	23			61	3.48	54.4
	1944	11	170						14	3.6	31	6.6	37.6	2.4		2.4		30		7.4	84	101	16			49	3.52	44.2
	1944	12	185						20	3.7	25	3.6	28.6	0.7		1.1		34		7.5	48	72	22			36	3.39	31.4
	1945	1	160						20	7.2	20	4.7	24.7	0.9		1.8		22		7.5	48	71	21			34	3.29	27.7
	1945	2	151						19	6.6	25	4.5	29.5	1.08		1.3		22		7.5	42	75	26			36	3.28	34.3
	1945	3	160						19	5.7	20	4.4	24.4	1.25		1.3		22		7.5	43	67	22			51	1.79	52.2
	1945	4	151						21	7	22	4.7	26.7	0.45		2.5		21		7.5	48	74	24			63	3.64	55.3
	1945	5	144						17	5.9	21	4.3	25.3			7.2		25		7.5	39	66	22			64	4.48	59.5
	1945	6	160						20	5	25	5	30			1.2		28		7.5	62	84	26			76	4.5	70.8
	1945	7	142						21	5.8	19	3.1	22.1	0.7		4.3		27		7.5	55	61	5			76	10.5	73.9
	1945	8	102						27	5.1	17	3.5	20.5	0.64		2.9		24		7.7	57	63	7			76	3.68	72
	1945	9	127						25	6.1	18	4.5	22.5	0.67		2.4		21		7.6	56	76	6			74	5.54	70
	1945	10	150						22	5.5	23	4.9	27.9	0.9		1.2		26		7.7	71	79	10			61	1.64	54.8
	1945	11	139						14	3.5	28	5	33	0.67		2.8		28		7.8	70	54	10			45	4.23	46.7
	1945	12	109						17	8.4	17	3.8	20.8	0.5		1.1		20		7.3	40	51	12			32	5.17	30.1
	1946	1	111						23	7.6	17	4.2	21.2	1.4		1.6		20		7.4	44	56	6			32	1.75	34.3
	1946	2	114						16	7.4	19	4.4	23.4	1.4		8.1		22		7.5	47	47	8			32	2.47	35.9
	1946	3	100						24	6.5	14	4.1	18.1	0.98		5		22		7.5	39	59	8			39	2.52	49.8
	1946	4	100						15	3.8	16	4.8	20.8	0.81		5.4		24		7.9	55	54	4			45	2.04	51.7
	1946	5	124						12	5.4	18	2.3	20.3	0.6		5		19		7.6	48	52	6			52	6.49	62.2
	1946	6	106						12	6.4	16	2.4	18.4	0.74		6.5		18		7.8	44	50	8			60	4.29	69
	1946	7	168						17	4.4	25	4.9	29.9	0.87		10.5		24		7.9	69	74	6			69	3.82	73.3
	1946	8	137						14	4.5	23	3.5	26.5	0.81		6.9		24		7.9	63	72	8			68	4.56	69.6
	1946	9	165						15	3.3	27	4	31	0.66		11.8		22		8.2	75	82	8			70	3.57	67.2
	1946	10																		7.9	68	77	10			60	2.83	58.5
	1946	11	152						21	4.6	23	5.3	28.3	0.73		4.2		35		8	63	77	14			48	1.57	48.9
	1946	12	164						47	4	22	7.5	29.5	0.67		6.4		36		7.8	68	41	23			35	2.27	38.9
	1947	1	113						24	6	21	4.6	25.6	1.03		3.6		23		7.6	40	59	18			35	4.12	39.1
	1947	2	123						38	5.6	24	5.3	29.3	1.01		4		23		7.9	47	65	18			37	1.69	29
	1947	3	108						26	2.7	22	4.9	26.9	1.13		4.3		23		7.5	41	60	19			40	1.78	36.4
	1947	4	112						32	1.7	22	4.4	26.4	0.8		3.4		22		8	43	61	18			51	2.79	53.7
	1947	5	122						28	3.5	20	3.6	23.6	0.7		3.7		20		7.5	37	56	18			64	5.15	62.1
	1947	6	80						26	7.1	22	2.4	24.4	1.7		3.7		19		7.6	50	61	8			73	4.43	69
	1947	7	69						16	5.5	24	4.1	28.1	0.94		3.8		29		7.7	69	75				77	4.21	73
	1947	8	68						15	3.9	30	5.8	35.8	0.7		4.6		27		7.5	88	109	15			80	2.99	76
	1947	9	161						29	3.8	32	7.1	39.1	0.36		5.1		31		8	95	118	23			74	3.21	67.5
	1947	10	204						36	1.9	42	9.8	51.8	0.3		6.2		62		8.2	114	133	20			66	1.61	61.3
	1947	11	182						34	6.8	29	6.7	35.7	0.36		5.6		58		7.7	76	86	10			50	5.59	42.6
	1947	12	172						36	6.5	27	4.2	31.2	1.29		5.7		30		7.6	71	88	17			35	1.73	33.4
	1948	1	167						30	6.5	24	4.4	28.4	1.28		4.3		29		7.5	63	80	16			33	5.23	26.3
	1948	2	160						22	6.6	24	4.5	28.5	1.4		4.7		29		7.4	65	79	14			37	2.38	33.7
	1948	3	142						25	6.9	21	4.6	25.6	1.39		3.4		31		7.4	45	57	12			47	3.98	45.6
	1948	4	139						22	6.7	20	4.5	24.5	1.27		2.6		30		7.4	47	57	10			54	3.74	53
	1948	5	130						15	6.4	22	4.4	26.4	1.1		2.3		30		7.5	49	64	15			65	7.14	62
	1948	6	149						21	7.4	21	4.6	25.6	1.3		3.5		31		7.7	53	70	24			71	5.27	70.7
	1948	7	152						24	7.9	26	4.6	30.6	1.2		2.3		31		7.6	62	83	23				3.99	75.1
	1948	8	148						29	7.3	26	4.7	30.7	1.12		2.6		31		7.6	63	83	20				6.8	73.1
	1948	9	122						24	5.9	30	6.1	36.1	0.81		2.8		28		7.9	75	100	25				2.99	66.2
	1948	10	126						26	7	31	5.3	36.3	1.06		2.1		35		7.9	81	87	6				3.6	53.5
	1948	11	124						30	7.8	23	5.8	28.8	1.16		4.2		24		7.6	70	80	10				5.75	49.7
	1948	12	120						30	8	19	4.4	23.4	1.26		2.3		21		7.4	49	64	15				5.53	37.5
	1949	1	132						29	8	20	4.8	24.8	1.42		2		21		7.5	50	64	14				5.31	40.6
	1949	2	136						34	6.2	20	4.2	24.2	1.5		2.6		22		7.5	49	62	13				3.35	40.9
	1949	3	141						33	6.6	21	4.3	25.3	1.35		2.3		22		7.7	59	71	12				2.83	43.7
	1949	4	159						32	7.2	21	4.3	25.3	1.28		1.6		23		7.7	53	64	11				2.86	51.5
	1949	5	157						32	7.3	22	4.8	26.8	0.7		2.5		23		7.8	60	72	12				4.62	62.4
	1949	6	166						38	5	26	4.7	30.7	0.49		2.7		24		8	69	83	12				2.08	71.9
	1949	7	110						20	5.5	26	4.6	30.6			2.7		25		7.8	62	75	13			77	5.06	78
	1949	8	110						18	5.2	27	5.3	32.3			2.1		24		8.1	76	96	20			77	4.4	74.1
	1949	9	127						22	5	34	5.9	39.9			2.1		25		8.2	82	108	26			67	3.21	63.8
	1949	10	126						21	5.8	35	6.6	41.6			2.2		25		8.2	94	120	26			62	3.54	60.2
	1949	11	128						20	6.4	34	5.9	39.9			4.4		32		8.2	77	106	27			45	1.82	44.7
	1949	12	116						19	6.1	26	4.5	30.5			3.8		26		8	57	86	24			38	2.32	38.3
	1950	1	122						24	5.6	25	4.4	29.4	1.26		3.1		25		7.8	52	80	28			37	2.29	44.5
	1950	2	147						24	6.2	23	4.4	27.4	1.17		3.4		31		7.6	41	76	35			38	3.05	35.2
	1950	3	147						28	6.4	23	4.5	27.5	1.3		3.4		32		7.5	48	75	37			38	4.42	39.1
	1950	4	131						21	5.4	24	4	28	0.96		3		22		7.9	56	79	23			48	1.81	49
	1950	5	133						19	5.5	22	3.8	25.8	1.1		3.5		22		7.5	46	70	24			61	4.66	61.3
	1950	6	129						22	5.9	24	3.9	27.9	0.98		2.1		21		7.9	63	76	13			74	3	69.5
	1950	7	145						30	4.8	29	6.8	35.8	0.8		2.9		40		7.8	73	100	27			78	4.38	73.1
	1950	8	149						31	4.4	30	9.4	39.4	0.9		8.1		42		7.8	82	115	33			78	3.37	72.1
	1950	9	142						29	5.7	29	5.9	34.9	0.7		4		41		7.7	65	95	30			68	6.83	64
	1950	10	149						27	5.2	27	6.1	33.1	1		3.3		35		7.7	64	92	28			60	2.5	57.5
	1950	11	139						22	6.1	25	5.1	30.1	0.8		3.9		38		7.7	63	84	21			45	3.36	44.6
	1950	12	139						24	5.1	22	4.4	26.4	1.02		4.3		32		7.5	50	71	21			38	3.36	32.1
	1951	1	105						22	8.9	22	4.9	26.9	1.15		1.62		23		7.9	45	75	30			37	2.5	35.8
	1951	2	120						26	6.2	21	4.6	25.6	1.26		3.1		21		7.4	39	70	31			36	2.95	35.7
	1951	3	122						25	5.6	21	4.5	25.5	1.25		2.7		21		7.5	51	72	21			43	3.15	42.2
	1951	4	129						29	5.7	21	4.2	25.2	1.4		3		21		7.5	52	69	17			50	3.54	51.8
	1951	5	136						28	5.1	23	4.6	27.6	1.2		3.5		21		7.7	57	76	19			63	2.85	61.8
	1951	6	127						29	5	29	4.6	33.6	1		3.5		22		7.6	54	75	21			69	7.17	70.3
	1951	7	142						34	4.9	33	6	39	1.1		2.6		25		8	75	96	21			76	3.55	75.3
	1951	8	139						36	3.5	36	7.2	43.2	1.3		3.2		33		8.1	88	112	24			78	2.39	72.8
	1951	9	144						42	6.9	36	7.7	43.7	1.2		3		33		8.2	103	122	19			72	2.58	66.9
	1951	10	151						44	7.8	40	7.9	47.9	1.35		3.2		35		8.3	111	136	25			60	2.05	58.6
	1951	11	149						47	6	30	7.5	37.5	1.23		3.2		34		7.9	84	106	22			42	5.43	41
	1951	12	137						36	7.2	29	7	36	1.35		3.4		32		7.9	66	100	34			35	4.81	37.6
	1952	1	129						32	7.5	20	6.4	26.4	1.35		3.2		33		7.6	38	75	37			37	4.83	37.7
	1952	2	134						30	7.4	24	6.5	30.5	1.3		3.2		32		7.7	46	84	38			39	2.16	37.4
	1952	3	141						34	7.6	16	6.8	22.8	1.3		3.1		33		7.7	43	67	24			40	5.07	40.9
	1952	4	139						29	7.2	17	6.1	23.1	1.25		3.1		33		7.6	44	66	22			50	6.72	53.7
	1952	5	142						31	6.9	18	5.8	23.8	1.1		3.1		34		7.6	49	67	18			61	4.99	61
	1952	6	145						37	6.8	26	7	33	1.35		3.1		34		8	68	92	24			74	3.14	73.5
	1952	7	152						47	7.6	26	7.1	33.1	1.2		4.5		35		8	72	96	24			78	3.57	77.4
	1952	8	157						52	6.9	28	7.2	35.2	1.1		5.2		37		7.9	80	100	2O			78	5.8	73.5
	1952	9	161						49	7.2	26	7.4	33.4	1		9.9		36		7.9	70	95	25			72	4.02	66.3
	1952	10	167						48	6.9	33	7.8	40.8	1.15		4.6		38		8.2	89	114	25			50	1.28	52.7
	1952	11	162						47	6.4	30	7.9	37.9	1.3		3.6		36		7.9	80	107	27			52	6.06	45.8
	1952	12	155						39	6.6	18	6.2	24.2	1.1		3.2		35		7.5	44	72	28			39	3.34	36.6
	1953	1	147						34	6.7	17	5.4	22.4	1.2		3.4		34		7.5	39	67	25			38	4.45	38.6
	1953	2	149						37	6.3	17	5.5	22.5	1.2		3.3		34		7.6	41	62	27			39	2.71	39.2
	1953	3	149						27	7.4	17	4.2	21.2	1.25		3.7		28		7.6	36	61	25			40	5.78	44.2
	1953	4	155						39	7.3	14	5.4	19.4	1.25		3.6		23		7.7	41	69	28			53	3.88	52.5
	1953	5	152						39	6.9	23	3.5	26.5	1.1		4		29		7.6	47	71	24			64	5.88	66.5
	1953	6	159						40	7.1	26	4.6	30.6	1		4.4		29		7.2	59	85	26			76	2.28	71.4
	1953	7	159						34	6.8	34	6.3	40.3	1.2		6.5		31		8.1	80	109	29			82	3.24	76.2
	1953	8	151						32	7	31	6.1	37.1	0.75		7.3		32		7.3	75	101	26			80	4.03	73.3
	1953	9	159						30	6.9	35	7.4	42.4	0.75		11		32		8	91	120	29			78	2.93	67
	1953	10	160						33	7.2	41	8.7	49.7	1.1		12.3		33		8.1	103	139	36			66	2.62	57.5
	1953	11	162						33	7.2	41	3.7	44.7	1.1		11.2		32		8	98	130	32			51	2.08	45.1
	1953	12	160						34	7.6	29	6	35	0.57		8.1		30		7.7	63	98	35			43	3.42	38.7
	1954	1	155						30	5.6	31	6.8	37.8	1.6		5.7		27		7.8	76	105	35			35	2.46	33.3
	1954	2	152						32	4.9	25	5.7	30.7	1.3		5		24		8	57	87	30			39	1.31	40.1
	1954	3	143						32	5	23	3	26	0.9		5.2		24		7.6	40	69	29			42	3.87	42.4
	1954	4	150						37	5.1	26	3.4	29.4	1		5.4		24		7.8	49	79	30			53	3.43	56.5
	1954	5	152						39	5.3	24	3.5	27.5	1		6.4		27		7.6	57	74	25			66	2.89	59.9
	1954	6	160						40	5.5	30	3.9	33.9	0.6		5.3		27		7.9	69	91	34			79	1.69	71.4
	1954	7	160						45	7.4	32	4.7	36.7	0.2		5.6		29		7.7	70	99	30			80	2.51	75.2
	1954	8	166						47	7.5	36	5.1	41.1	0.2		6.9		30		7.7	72	110	35			80	5.17	72.9
	1954	9	164						46	7.2	35	4.9	39.9	0.6		4.9		31		7.7	72	107	35			78	2.1	69.1
	1954	10	160						44	7.6	33	4.7	37.7	0.7		6.9		29		7.7	66	101	35			67	3.77	59.5
	1954	11	159						39	7	32	4.1	36.1	1.2		4.7		29		7.5	60	96	36			52	2.69	42.8
	1954	12	152						39	6.7	27	3.7	30.7	1.6		3.8		27		7.6	45	81	36			50	3.2	34.8
	1955	1	160						34	7.4	29	4.2	33.2	1.7		4		28		7.6	52	90	42			38	0.64	31.7
	1955	2	157						36	7.6	28	4.8	32.8	1.8		4.5		29		7.7	50	88	38			36	2.94	34.3
	1955	3	152						30	8	22	3.7	25.7	1.7		3.1		25		7.5	38	69	31			48	4.58	44.9
	1955	4	160						34	8	25	4.5	29.5	1.4		3.9		26		7.7	57	80	23			58	3.05	55.7
	1955	5	160						32	7.8	25	3.7	28.7	0.4		3.3		25		8	59	78	19			71	2.26	64.4
	1955	6	162						37	8	26	9	35	0.4		3.8		25		7.5	57	80	23			73	5.46	67.3
	1955	7	164						35	5.5	29	4.4	33.4	0.2		4.6		36		8	70	89	25			87	2.37	79.2
	1955	8	160						32	7.2	27	4.8	31.8	0.6		3.7		31		7.8	59	90	30			80	12.2	76.5
	1955	9	157						36	6.7	31	5.2	36.2	1.1		5.1		34		7.9	72	102	31			74	2.46	66.9
	1955	10	160						32	6.5	32	5.7	37.7	1		6.1		35		7.8	70	106	36			63	4.01	57.3
	1955	11	170						37	4.5	34	7.9	41.9	0.9		7.2		32		7.8	73	116	43			48	1.85	42.6
	1955	12	179						39	3.9	35	8.8	43.8	0.8		7.2		33		8.3	76	123	47			36	0.48	30.8
	1956	1	181						41	6.2	35	9.1	44.1	0.77		8.1		34		8	74	124	50			34	2.44	31.4
	1956	2	162						35	4.9	28	4.9	32.9	1.1		3.7		31		7.5	35	69	34			40	3.79	37.9
	1956	3	161						32	5.5	25	4.1	29.1	1.3		1.8		28		7.2	38	74	36			45	4.1	40.4
	1956	4	157						32	6.2	26	4.3	30.3	1.2		2.6		29		7.5	44	76	32			54	2.66	50.3
	1956	5	169						35	4.6	28	5.8	33.8	0.8		4.1		22		7.7	58	88	30			67	3	60.9
	1956	6	167						34	8.4	24	5.4	29.4	0.95		4.1		25		7.6	56	86	30			76	3.6	70.8
	1956	7	158						46	7.4	28	7.2	35.2	0.72		3.3		24		7.4	57	84	27			78	6.69	73.9
	1956	8	162						47	7.2	28	6.4	34.4	0.53		5.3		28		7.8	69	96	30			78	3.09	72.8
	1956	9	167						51	6	31	7.2	38.2	0.73		5.9		28		8	80	109	29			73	3.69	64.6
	1956	10	165						55	5.9	32	6.8	38.8	0.35		3.8		29		7.8	77	108	31			62	4.28	57.1
	1956	11	154						47	6.4	29	6.8	35.8	0.87		6.9		26		7.5	62	90	28			49	3.59	45.1
	1956	12	150						50	5.8	27	6.7	33.7	1.1		5.9		29		7.6	58	96	38			45	3.51	43
	1957	1	148						47	6.7	22	6.4	28.4	0.85		4.3		26		7.5	46	81	35			37	2.9	30.1
	1957	2	192						45	6.2	20	5.2	25.2	0.9		3.8		25		7.5	39	71	32			43	3.42	38.2
	1957	3	157						39	5.2	21	5.2	26.2	1.1		5.5		25		7.8	47	74	27			48	2.99	42.2
	1957	4	160						41	5.6	21	5	26	0.9		3.6		25		7.6	49	75	26			59	3.01	55.6
	1957	5	164						40	6.2	25	5.3	30.3	0.9		4.8		25		7.8	66	86	20			72	1.89	63.9
	1957	6	171						43	6.6	31	6.3	37.3	0.64		6.2		26		7.8	69	70	21			80	3.66	73.3
	1957	7	182						52	6.6	38	6.4	44.4	0.22		8.3		32		7.9	75	103	24			86	1.78	75.1
	1957	8	190						57	6.4	39	7.1	46.1	0.05		13.8		37		8	85	120	35			80	2.8	72.2
	1957	9	227						64	4.5	40	7.4	47.4	0.14		12.1		53		8	93	127	34			77	4.72	68.4
	1957	10	234						68	5.5	40	7.6	47.6	0.3		9		55		8.3	87	132	42			60	3.47	52.3
	1957	11	185						52	5	36	6.6	42.6	0.5		8.3		49		7.9	82	118	36			50	3.52	46.2
	1957	12	150						34	4.4	25	5.3	30.3	1		4.6		27		7.7	49	83	32			41	5.85	38.5
	1958	1	150						37	6.2	18	5.3	23.3	1.2		4		30		7.6	40	67	27			35	3.73	30.9
	1958	2	135						32	5.7	21	6.2	27.2	1.4		4.3		26		7.7	42	78	29			35	3.77	28
	1958	3	117						24	5.4	16	4.5	20.5	1.3		3.3		24		7.6	38	58	20			41	5.78	38.4
	1958	4	125						26	5.7	19	4.7	23.7	1.2		3.7		24		7.7	43	62	19			56	4.57	52.9
	1958	5	129						27	5.5	20	5.2	25.2	1.3		4.5		29		7.9	51	70	21			65	4.25	61.4
	1958	6	152						37	5.9	27	5.7	32.7	0.7		6.2		30		7.9	68	91	23			74	4.12	67.7
	1958	7	156						39	5.4	25	5.5	30.5	0.5		8.3		33		7.8	67	86	19			80	6.38	76.3
	1958	8	170						42	5.8	25	5.2	30.2	0.96		6.4		33		8.1	65	82	17			79	6.37	72.6
	1958	9	162						40	5.6	32	5.9	37.9	0.44		8.6		39		8.1	84	103	19			74	2.5	65.7
	1958	10	183						45	6	36	6	42	0.6		11.7		45		8.3	89	116	27			62	2.73	55.4
	1958	11	188						51	6.5	39	6.2	45.2	0.6		13.2		47		8	97	121	24			52	2.6	46.8
	1958	12	189						49	6.6	38	6	44	0.8		12.5		46		8.2	86	120	34			36	1.84	28.7
	1959	1	159											#REF!		10		36		7.9						32	2.29	31.3
	1959	2	142											#REF!		10		30		7.5						36	2.08	34.9
	1959	3	124											#REF!		9		27		7.9						43	2.96	42.1
	1959	4	109											#REF!		12		21		7.7						55	3.72	54.9
	1959	5	108											#REF!		8		22		7.7						66	2.3	65.8
	1959	6	130											#REF!		9		24		8.1						74	2.69	71.8
	1959	7	158											#REF!		9		37		8.3						81	6.54	75.5
	1959	8	167											#REF!		12		38		8						82	4.67	76.2
	1959	9	189											#REF!		16		49		8.4						75	1.65	69.1
	1959	10	186											#REF!		14		46		7.9						62	4.85	59
	1959	11	148											#REF!		13		27		8						44	3.63	43.9
	1959	12	122											#REF!		10		30		7.9						35	3.48	38.4
	1960	1	100						22	4.4	21	5.3	26.3	0.9		8.3		24		7.6	42	74	32			39	2.76	34.9
	1960	2	116						27	4.7	21	5.4	26.4	0.77		7.7		25		7.8	44	75	31			40	3.86	35
	1960	3	118						24	4.8	26	5.2	31.2	0.85		10.6		25		8	50	85	35			39	2.34	31.7
	1960	4	122						23	4.9	23	5	28	0.63		6.6		27		8	49	79	30			74	3.01	56.9
	1960	5	129						27	5.1	26	5.2	31.2	0.3		9.1		26		8	55	85	30			74	5.99	60.3
	1960	6	150						42	5.7	25	5	30	0.4		7.5		27		7.9	57	82	25			80	2.45	70.2
	1960	7	174						39	6.5	35	5.9	40.9	0.27		9.6		33		8.2	76	112	36			81	5.96	72.8
	1960	8	172						42	6.7	36	6.1	42.1	0.27		10.2		37		8	85	115	30			75	4.03	75.2
	1960	9	180						45	6.9	37	6.4	43.4	0.4		10.2		38		8	82	118	36			75	6.75	67.3
	1960	10	184						47	7.4	38	6.3	44.3	0.3		9.6		39		8.2	89	120	31			63	2.65	55.5
	1960	11	204						50	7.6	44	6.4	50.4	0.27		13.7		42		8.3	96	136	38			51	1.94	46.1
	1960	12	207						47	7.2	43	6.7	49.7	0.8		11		44		8.4	104	134	32			37	2.66	28.3
	1961	1	158						41	6	31	5.9	36.9	0.45		11.3		32		7.9	61	100	41			34	3.11	26.8
	1961	2	137						29	5.6	26	5.3	31.3	0.75		6.7		27		7.7	60	88	28			37	4.9	35.8
	1961	3	110						22	5	18	5	23	0.93		4.5		26		7.6	43	67	24			48	4.37	44.3
	1961	4	121						27	5.2	19	5.1	24.1	0.6		5		25		7.7	44	68	24			53	4.36	48.4
	1961	5	132						30	5.2	22	5.2	27.2	0.7		5.7		27		7.9	53	77	24			64	3.57	58.8
	1961	6	148						34	5.5	29	5.7	34.7	0.42		7.5		32		8.2	66	97	31			77	4.55	69.8
	1961	7	152						37	5.7	34	5.8	39.8	0.44		7.2		30		8	78	108	30			83	3.51	75.1
	1961	8	192						55	6	39	6.4	45.4	0.22		12.9		38		7.9	78	121	43			82	3.79	73.6
	1961	9	188						46	9.6	39	6.9	45.9	0.13		8.9		32		8.2	91	125	34			79	1.46	71.6
	1961	10	217						51	6.9	43	7.2	50.2	0.39		13.5		38		8.3	106	137	31			64	3.29	56.9
	1961	11	206						44	6.8	41	7	48	0.37		12.6		37		8.2	97	131	34			54	2.34	47.1
	1961	12	156						32	6.2	34	6	40	0.57		11.6		32		8.2	75	110	35			39	3.7	33.8
	1962	1	142						35	6	26	5.6	31.6	0.97		6.9		28		7.9	55	87	32			36	2.97	32
	1962	2	147						37	6.2	24	5.3	29.3	1.1		8.7		27		8.1	53	83	30			39	4.25	32
	1962	3	120						24	5.5	18	5.2	23.2	0.63		8.8		24		7.7	36	65	29			45	4.18	40.2
	1962	4	115						25	5.4	21	5.4	26.4	0.66		5.2		26		7.8	47	76	29			56	4.01	52.5
	1962	5	136						27	5.8	28	5.8	33.8	0.27		6.2		28		8.2	64	94	30			72	2.39	65.3
	1962	6	157						31	6.2	32	6.5	38.5	0.33		5.9		29		8	70	108	38			78	3.98	70.7
	1962	7	174						47	7.6	37	6.8	43.8	0.06		9.5		36		8.2	75	121	46			79	2.42	71.9
	1962	8	197						56	9	37	6.9	43.9	0.11		12.3		44		7.9	85	120	35			79	1.4	72.7
	1962	9	220						62	10.2	38	6.8	44.8	0.03		15.5		50		8	92	123	31			72	3.1	63.5
	1962	10	238						65	11.4	45	7.9	52.9	0.27		19.7		52		8.3	106	144	38			64	2.41	57
	1962	11	182						52	9	34	6.4	40.4	0.56		10		90		8.1	76	112	36			48	5.37	42
	1962	12	154						39	7.2	29	5.7	34.7	0.78		11.1		33		7.8	69	99	30			39	3.1	30.4
	1963	1	155							3.9	28	5	33	0.65		9.2		30		7.9	60	96	30			34	1.93	29
	1963	2	158							4.2	30	5.4	35.4	0.8		12.6		29		7.9	64	96	32			33	1.89	27.5
	1963	3	128							3	20	4	24	0.8		8		25		7.7	41	63	22			42	5.75	45.1
	1963	4	149							3.9	29	5.2	34.2	0.67		8.1		27		8.3	65	93	29			59	1.39	53.1
	1963	5	166							2.8	30	5.9	35.9	0.08		9.2		37		8.5	69	98	29			69	2.39	60.9
	1963	6	145							5.2	24	5.2	29.2	0.3		6		32		7.9	56	82	26			74	5.06	70.3
	1963	7	172							5.9	33	5.9	38.9	0.26		10.8		42			75	107	32			83	1.89	74.5
	1963	8	210							7.1	34	6.5	40.5	0.11		16.2		59		7.8	81	114	33			80	3.57	71.9
	1963	9	238							8.4	44	7.2	51.2	0.09		23.2		72		8	92	139	47			73	3.93	63.2
	1963	10	263							9.6	45	8	53	0.05		20.2		87		8.3	99	145	46			65	0.16	58.3
	1963	11	211							8.2	44	7	51	0.22		22.2		70		8.1	93	138	45			53	6.32	47.7
	1963	12	173							6.9	30	5.8	35.8	0.52		13.3		52		7.9	64	98	34			39	2.21	28.7
	1964	1	164							6.2	22	4.9	26.9	0.84		9.2		45		7.8	49	76	27			38	4.15	33.7
	1964	2	158							5.8	23	4.2	27.2	0.93		7.5		46		7.8	46	74	28			38	3.97	32.3
	1964	3	147							5.4	18	5	23	0.8		7.3		44		7.8	45	67	22			47	3.05	43.8
	1964	4	149							5.3	21	4.7	25.7	0.6		12.2		47		8.3	49	71	22			54	5.34	50.7
	1964	5	148							5.9	34	5.1	39.1	0.57		6.6		40		8.1	63	83	20			65	0.8	63.8
	1964	6	175							6.9	33	6.7	39.7	0.36		12.4		49		8	80	111	31			75	2.41	71.3
	1964	7	197							7.8	34	6.5	40.5	0.21		14.3		64		8.2	67	110	43			86	3.47	75.1
	1964	8	239							8.2	38	7	45	0.16		22.1		85		8.5	75	125	56			77	2.08	71.3
	1964	9	278							8.5	48	7.3	55.3	0.5		28.1		97		8.2	82	141	59			74	3.66	67
	1964	10	257							9.8	45	8	53	0.07		27.3		95		8.5	92	146	54			61	1.94	52.3
	1964	11	248							9.6	47	9	56	0.2		19.1		86		8.6	102	154	52			53	2.25	47.8
	1964	12	188							7.2	37	6.5	43.5	0.7		11.9		64		8.6	66	117	51			46	3.8	37.9
	1965	1	147							6.4	29	7.4	36.4	0.49		9.4		40		8.1	51	103	152			41	3.2	30.9
	1965	2	110							4.9	26	6.9	32.9	0.87		7.5		38		7.9	44	94	50			42	2.65	34.3
	1965	3	126							4.7	31	7	38	0.77		6.54		26		7.8	46	105	59			47	4.28	39
	1965	4	132							5.1	27	6.7	33.7	0.5		6.9		29		7.9	53	94	41			57	2.42	49.7
	1965	5	136							4.7	28	7.4	35.4	0.23		7.9		26		8.3	65	100	35			72	1.67	66.3
	1965	6	178							7.2	32	7.7	39.7	0.2		16.5		34		8.2	80	112	32			77	2.52	69.2
	1965	7	194							8.8	33	8.9	41.9	0.24		22.9		72		8.1	73	114	41			81	3.28	73.9
	1965	8	256							8.7	35	8.5	43.5	0.1		22.9		89		8.2	77	123	46			81	4.77	73
	1965	9	267							8.4	42	8.5	50.5	0.26		27.7		87		8	86	139	53			76	2.77	68.8
	1965	10	271							8.2	45	7.6	52.6	0.42		26		67		8.3	94	144	56			62	2.36	53.5
	1965	11	300							10.1	52	7.6	59.6	0.35		27		88		8.5	105	162	57			53	0.86	45.5
	1965	12	309							10.6	61	6.9	67.9	0.57		29.4		91		8.5	121	181	60			47	0.79	38.5
	1966	1	254						25	8.7	56	7.2	63.2	0.93		27.3		81		8.4	100	167	67			42	3.78	29
	1966	2	176						17	7.2	40	7.2	47.2	1.44		17.6		51		8.1	71	125	54			39	3.77	32.7
	1966	3	144						10	6.5	28	7.1	35.1	1.83		10.3		30		7.9	52	96	44			50	1.44	43.7
	1966	4	154						8	6.9	30	5.2	35.2	0.61		8.1		37		8.3	62	96	34			58	4.07	48.3
	1966	5	121						7	5.4	27	4.6	31.6	0.56		7.1		28		8.1	55	88	33			66	3.36	60.9
	1966	6	180						15	6	33	6.3	39.3	0.35		14.7		44		7.9	74	108	34			78	1.79	71
	1966	7	240						35	5.4	38	7.6	45.6	0.24		20.3		72		7.9	80	126	46			83	1.86	76.6
	1966	8	310						44	4.8	43	7.9	50.9	0.14		30		102		8.6	82	141	59			80	1.6	74.5
	1966	9	256						28	4.9	39	5.7	44.7	0.82		29		70		7.8	66	123	57			71	7.15	64.3
	1966	10	145						9	2.5	35	5.6	40.6	1.05		10.5		28		8.2	69	109	46			61	3.72	53.3
	1966	11	175						9	4.5	42	5.4	47.4	0.33		13.6		35		8.4	87	126	39			53	2	45.9
	1966	12	145						8	3.7	32	4.7	36.7	1.52		10.4		26		7.9	57	99	42			45	3.01	34.7
	1967	1	140						6	3.5	29	5.2	34.2	2.5		11.2		58		7.9	51	94	43			43	1.36	37.3
	1967	2	136						7	3.4	30	4.5	34.5	1.8		11.7		48		7.8	56	91	41			42	2.47	30.5
	1967	3	138						3.5	6.2	28	4.5	32.5	1.8		7.8		26		7.8	45	87	42			48	4.08	41.2
	1967	4	139						6.2	2.2	33	4.8	37.8	2.1		9.5		27		8.2	62	101	40			61	1.9	53.2
	1967	5	122						5.4	1.1	28	4.6	32.6	1.3		7.5		21		7.9	49	87	38			62	4.54	56.5
	1967	6	175						8.5	1.4	35	5.3	40.3	0.56		12.1		29		8.3	71	110	39			79	2.69	70.6
	1967	7	158						11.5	2.7	39	4.9	43.9	1.1		12.3		33		7.8	74	118	44			81	4.63	73.6
	1967	8	125						8.6	3.2	32	4.9	36.9	1.3		10.5		30		7.7	67	97	30			78	8.96	72.2
	1967	9	260						12.1	2.5	36	6.7	42.7	1.3		12.2		35		8.3	83	119	34			72	1.49	63.7
	1967	10	222						14.2	3	41	5.3	46.3	1.2		13.7		34		8	91	122	31			62	2.11	54.3
	1967	11	169						7.4	3.4	34	6.4	40.4	1.3		11.7		28		8.1	80	111	31			48	2.23	40.9
	1967	12	119						6	5.6	27	5.8	32.8	1.4		10.5		28		7.8	56	90	34			41	5.18	37
	1968	1	143						4.3	4.8	29	5.5	34.5	1.8		10.8		31		7.8	60	96	36			38	2.5	28.9
	1968	2	125						5	5.3	28	6.2	34.2	1.8		8.5		25		8	61	96	35			37	0.64	29.6
	1968	3	141						6.1	3.1	29	6.6	35.6	1.5		10.8		25		8.1	60	87	37			47	4.52	45.3
	1968	4	144						5.3	2.1	32	6.9	38.9	1		9.5		28		8.4	73	109	36			63	1.6	53.1
	1968	5	178						7	3.2	36	6.9	42.9	1.1		3		31		8.2	81	119	38			66	5.16	59.3
	1968	6	157						3.6	4.4	29	5.6	34.6	1.1		9.2		23		7.6	58	95	37			75	4.14	70.7
	1968	7	168						15.5	1.1	32	7.3	39.3	0.33		14.4		43		7.9	71	110	39			84	2.38	75.3
	1968	8	213						22.9	0.9	34	8.6	42.6	0.45		20.6		60		7.7	74	121	47			83	3.32	75.6
	1968	9	253						21.3	0.8	37	8.6	45.6	0.6		22.5		62		7.7	76	128	52			76	3.12	66.9
	1968	10	270						28	0.8	46	9.3	55.3	1.5		26		85		7.9	103	154	51			65	2.88	57.6
	1968	11	220						14.9	4.6	43	8.4	51.4	1.3		20.4		47		7.9	85	143	58			51	3.96	46.4
	1968	12	222						7.8	3	34	9.8	43.8	2		13.4		43		8.1	69	122	53			39	2.43	33.1
	1969	1	172						8.5	2.5	35	9	44	0.39		14.8		41		8.2	69	122	53			36	1.87	31.3
	1969	2	150						6.7	3.8	29	8	37	0.43		16.1		27		8	57	107	50			40	2.13	32.4
	1969	3	159						8.4	1.9	33	7.9	40.9	0.36		16.9		33		8	62	111	49			48	2.27	38.8
	1969	4	143						5.1	1.8	29	7.3	36.3	0.22		11.4		26		7.9	56	102	46			61	2.57	54.4
	1969	5	160						9.5	0.8	33	7	40	0.1		13.5		31		8.3	73	111	38			72	2.19	63.1
	1969	6	196						15.5	1	34	8	42	0.09		14.9		43		7.9	76	114	42			80	2.62	72.4
	1969	7	226						27.9	2.1	36	7.5	43.5	0.12		22.3		60		7.6	78	127	44			82	6.59	75.3
	1969	8	198						9.7	5.5	33	4	37	0.206		12.8		30		7.7	69	100	31			80	6.08	72.7
	1969	9	185						11.2	2.6	34	9.7	43.7	0.11		12.6		43		8.2	78	114	36			76	3.42	66.2
	1969	10	229						14.8	1.2	38	9.7	47.7	0.102		17.9		52		8.4	96	134	38			64	1.44	54.9
	1969	11	236						12.5	3.6	39	9.5	48.5	0.3		21.3		47		8	95	137	42			49	2.26	43.4
	1969	12	186						6.7	4.4	30	7.3	37.3	0.35		14.7		25		7.9	62	103	41			46	6.95	32.3
	1970	1	171						6.6	6.1	29	7.9	36.9	0.5		12.3		24		7.7	58	104	46			37	1.4	25.8
	1970	2	133						4.3	5.8	24	7.4	31.4	0.54		10.5		18		7.6	43	96	47			40	2.67	33.1
	1970	3	148						4.6	5.4	26	7.5	33.5	0.44		11.2		19		7.8	46	93	47			49	3.89	38.2
	1970	4	134						7.6	6	24	7.1	31.1	0.38		10.2		18		7.7	41	87	46			54	4.67	51.5
	1970	5	172						7.8	4.2	32	7.5	39.5	0.33		10.8		21		8	68	112	44			72	2.77	64.6
	1970	6	205						6.1	4.1	35	7.7	42.7	0.3		11.7		25		8	73	117	44			79	4.59	70.6
	1970	7	178						5.7	4.3	31	6.4	37.4	0.47		8.7		22		8	73	101	28			79	5.91	74.6
	1970	8	224						9.5	1.8	38	8.2	46.2	0.47		15.6		36		8	87	128	41			72	2.6	74.2
	1970	9	240						13.3	1.4	37	10.3	47.3	0.36		19		51		7.7	85	135	50			79	1.69	70.4
	1970	10	287						18.7	1.9	45	11.5	56.5	0.42		23.3		63		8.2	101	161	60			67	2.9	59
	1970	11	191						11.8	9.3	32	7.8	39.8	0.79		13.3		32		7.8	64	109	45			54	4.21	46.1
	1970	12	170						8.7	5.7	32	7.7	39.7	0.97		8.9		30		7.8	61	106	45			41	3.56	36
	1971	1	154						10.6	6.2	27	7.5	34.5	0.89		10.4		28		7.8	53	99	46			38	3.15	28.2
	1971	2	122						9.6	5.9	21	5.9	26.9	0.47		15.3		21		7.6	45	84	39			41	5.24	35.1
	1971	3	139						8.8	5.8	26	7.2	33.2	0.83		9.1		25		7.7	48	94	46			50	2.34	40
	1971	4	161						8.1	1.7	30	6.6	36.6	0.6		9.5		28		8.2	61	100	39			63	2.09	50.3
	1971	5	153						6.2	4.1	25	5.5	30.5	0.62		9.3		24		7.7	56	88	33			71	6.53	59.7
	1971	6	175						6.5	5.3	28	5.2	33.2	0.43		8.9		17		8	66	93	27			82	2.24	71.8
	1971	7	192						13.3	2	29	8.9	37.9	0.36		16.4		27		8	72	109	37			84	4.03	73.6
	1971	8	188						10.4	4.1	29	6.5	35.5	0.76		13.4		31		7.9	64	99	35			81	8.65	72.1
	1971	9	186						4.5	4.9	28	6.4	34.4	0.92		11.8		42		7.8	64	98	34			77	4.22	69.2
	1971	10	174						5.2	6.9	31	6.2	37.2	1.44		12.2		28		7.8	68	105	37			67	6.56	61.5
	1971	11	174						5.9	6.9	28	6.3	34.3	1.77		12.6		25		7.8	63	96	33			54	3.99	44.6
	1971	12	143						5.3	6.5	23	5.2	28.2	1.83		14		26		7.7	49	83	34			45	1.6	42.6
	1972	1	160						5.5	5.5	25	6.2	31.2	1.63		14.4		30		7.9	57	90	33			43	3.08	35.5
	1972	2	162						7.7	5.9	23	6.3	29.3	1.64		11.7		26		7.8	45	80	35			40	5.55	32.3
	1972	3	145						9.6	7.1	22	5.4	27.4	1.67		9.4		23		7.7	44	77	33			47	2.81	41.4
	1972	4	144						8.7	9.8	23	5.3	28.3	1.36		10.8		28		7.8	51	80	29			57	4.75	50.2
	1972	5	143						4.7	9.6	23	5.1	28.1	1.15		8.7		24		7.7	54	80	26			65	4.91	61.5
	1972	6	154							7.6	27	5.6	32.6	1.54		8.3		24		7.9	67	88	21			69	11.02	67
	1972	7	179								30	6.2	36.2	0.93		7.4		25		7.8	77	97	20			75	3	74.5
	1972	8	198						12.4	3.3	36	8.5	44.5	1.06		10.7		32		8.3	92	115	23			76	2.66	72.5
	1972	9	227						15	1.9	39	6.4	45.4	0.8		14.6		47		8.1	107	133	26			72	2.45	67.4
	1972	10	190							4.3	37	6.4	43.4	1.2		10.7		35		8	97	121	24			56	3.77	52.2
	1972	11	157						9.2	4.1	27	5.7	32.7	1.38		8.2		36		7.8	70	92	22			49	6.87	42.5
	1972	12	119						3.5	6.1	21	3.9	24.9	1.39		7.4		25		7.6	46	70	24			45	5.6	40.4
	1973	1	132						7.7	6.2	26	4.8	30.8	1.66		10.1		27	1.6	7.8	63	85	22			43	3.01	34.5
	1973	2	124						6.3	6.4	22	4.4	26.4	1.88		9.4		26	1.7	7.7	53	72	19			42	3.41	33
	1973	3	134						7.8	4.9	23	5.3	28.3	1.39		9.4		27	2	7.9	57	81	24			52	3.19	47.4
	1973	4	118						0.1	5.4	21	4.6	25.6	1.44		7.1		24	1	7.7	46	72	26			57	5.86	52.1
	1973	5	121						8.2	5.1	25	5.2	30.2	1.08		7.1		22	1.8	7.9	57	85	28			63	4.03	59.6
	1973	6	154						6.7	5.6	28	5.3	33.3	1.47		9.2		26	2.2	7.8	68	93	25			68	3.74	72.9
	1973	7	196						8.3	4.8	34	7.4	41.4	1.24		14.9		31	2.5	8.2	80	115	35			68	2.9	75.1
	1973	8	212						15	3.2	35	8.1	43.1	1.3				49	1.8	7.8	84	124	46			78	4.95	75.1
	1973	9	211						132	4.2	38	7.5	45.5	1.55				39	2.4	8.3	88	127	39			80	3.53	68.7
	1973	10	221						12.1	3.6	43	8.4	51.4	1.79		13.1		43	1.4	7.9	94	144	50			69	2.92	57.9
	1973	11	176						7.4	5.4	33	6.7	39.7			8.4		31	1.05	7.8	83	112	29			55	1.57	47.1
	1973	12	149						7	5	29	5.4	34.4	1.33		22		28	1	7.8	61	92	31			47	5.71	37.3
	1974	1	134							7.4	24	5	29	1.66		10		25	0.6	7.7	51	80	29			46	3.68	38.5
	1974	2	161							5.4	35	6.4	41.4	1.72		12.1		41	0.5	8.2	79	116	37			47	1.51	34
	1974	3	133							1.6	30	5.9	35.9	1.41		13.5		18	0.6	8.5	65	101	36			53	4.27	44.8
	1974	4	125							3.6	24	4.6	28.6	1.32		6.8		15	1	7.8	56	81	25			59	2.64	54.6
	1974	5	147							2.7	34	5.1	39.1	1.35		8.2		15	1.1	8.2	74	102	28			72	4.41	61.5
	1974	6	148							3.3	31	4.2	35.2	1.29		7.1		20	1.1	8	63	95	32			77	4.46	67.5
	1974	7	158							3	33	5.7	38.7	1.08		10.7		28	1.2	8.2	68	108	40			84	1.74	74.2
	1974	8	204							1.5	35	7.9	42.9	0.19		17.2		38	0.9	7.8	72	120	48			85	4.71	73.4
	1974	9	201							1.4	42	5.8	47.8	0.95		16.8		28	2.1	8.4	90	131	41			78	4.76	65.4
	1974	10	248								55	7.4	62.4	0.68		24		42	1.6	8.6	112	168	56			62	1.3	52.8
	1974	11	245							1.4	54	7.5	61.5	0.65		20.6		35	1.1	8.3	109	165	56			56	1.58	45.6
	1974	12	165							5.3	32	5.2	37.2	1.75		11.7		15	1.2	7.8	56	93	42			46	5.34	38.1
	1975	1								4.3	29	3.8	32.8	1.67		26.8		15	1.4	7.7	47	88	41			45	4.16	36.7
	1975	2								3.9	29	3.8	32.8	1.18		20.2		14	1.12	7.8	48	91	43			46	2.74	36
	1975	3	108							3.9	29	4.7	33.7	1.52		14		11	1	7.8	51	92	41			51	5.32	41
	1975	4	131							2.2	32	5.1	37.1	1.48		12.7		11	0.85	8.1	60	102	42			59	3.18	47.6
	1975	5	124							4.3	28	3.6	31.6	1.31		11.9		11	0.9	7.8	56	86	36			70	4.59	64.4
	1975	6	156							5.6	32	5.7	37.7	1.06		13.1		10	1.6	8	65	103	38			79	5.24	70.7
	1975	7	173							4.7	34	6.3	40.3	1.62		12		13	1.9	7.9	73	111	38			82	6.93	73.8
	1975	8	213							2.6	41	8	49	1.13		13.9		22		8.2	93	137	44			85	4.04	75.2
	1975	9	185							4.2	36	6.1	42.1	1.56		9.8		20		7.8	73	116	43			74	9.18	64.1
	1975	10	152							6.8	32	5.3	37.3	1.97		9.8		12		7.8	63	101	38			65	3.41	58.8
	1975	11	152							4.6	33	7	40	1.91		10.3		12		8	69	108	39			58	2.57	49.7
	1975	12	154							2.2	34	6.9	40.9	2.05		11		13		8.3	70	113	43			74	3.05	36.2
	1976	1	130							6.2	25	5.8	30.8	2.18		10.8		12		7.6	53	91				40	4.96	29.5
	1976	2	140							5.2	28	5.9	33.9	1.87		10.4		14		7.8	53	93				47	1.62	42.1
	1976	3	136							2.6	31	5.6	36.6	1.58		13.3		16		8.3	57	101				55	2.4	46.8
	1976	4	134							3.2	32	5.4	37.4	1.47		11.2		15	2.3	8.1	59	102				64	1.66	54.7
	1976	5	177							1.2	40	6.6	46.6	0.91		14.4		21		8.4	73	129				71	4.15	60.5
	1976	6	178							3.8	39	5.6	44.6	1.1		12.8		18		7.9	75	119				81	2.74	72.3
	1976	7	192							3.7	36	6.4	42.4	1.02		15.5		19	2.63	8.2	80	117				83	4.05	73
	1976	8	204							1.8	41	5.2	46.2	0.53		16.9		25	3.05	8	79	124				84	3.58	71.5
	1976	9	255							1.6	46	8.6	54.6	0.71		20.2		36	3.1	7.9	92	146				77	4.84	65.3
	1976	10	136							5.6	33	6.2	39.2	1.18		9.2		16	2.04	7.6	59	107				63	8.05	51.4
	1976	11	149							4.3	37	5.3	42.3	1.58		11		20	1.65	7.8	71	116				51	1.04	39.3
	1976	12	169							2.2	38	6.1	44.1	1.7		12.5		24	1.2	8	67	117				42	2.29	31.3
	1977	1	156							1.8	46	8.6	54.6	2.19		16.5		34	1.1	8.3	89	148				38	1.87	21.2
	1977	2	176							2.1	43	8.5	51.5	1.62		16.4		39	1.8	8.2	76	142				41	1.03	34.1
	1977	3	122							4.5	25	5.6	30.6	1.18		11.4		20	2.4	7.5	38	82				53	3.65	48.1
	1977	4	136							3.4	29	5.1	34.1	1.1		10		22	2.1	7.9	55	93				64	3.17	55.4
	1977	5	191							1.2	40	7.8	47.8	0.76		13.6		33	2.2	8.3	85	132				76	1.95	64.8
	1977	6	236							2.2	50	8.3	58.3	0.41		19.9		42	2.6	8.2	93	157				79	3.65	68.5
	1977	7	224							1.3	40	8.9	48.9	0.21		23.9		49	3.2	7.8	75	138				87	3.25	76.3
	1977	8	236							1.8	42	7.9	49.9	0.22		24.6		48	3.2	7.9	82	139				85	3.65	75
	1977	9	303							1.4	50	11.3	61.3	0.15		30.9		61	3.4	7.8	88	167				77	2.39	69.4
	1977	10	317							2.6	58	9.4	67.4	0.32		31		23	3.1	8.1	103	184				64	4.69	53.8
	1977	11	179							6.3	42	9.2	51.2	0.56		15.3		39	2.1	7.6	68	136				58	5.04	47.2
	1977	12	140							6.2	33	6.3	39.3	1.72		13.2		26	2.3	7.5	47	106				45	5.76	34
	1978	1	210							6	34	6.2	40.2	1.26		16.7		16		7.3	51	106		0	32	41	7.11	27.5
	1978	2	282							1.8	38	4.4	42.4	2.43		12.3		17		7.6	66	115				42	0.95	24.4
	1978	3	173							2.4	33	3.3	36.3	2.21		15.2		16	2.6	7.7	55	94		0.5	32.9	50	4.71	39.2
	1978	4	165							3.1	36	3.2	39.2	1.93		11.7		25	1.5	8	60	103		14	57.2	63	2.25	51.8
	1978	5	171							4.9	34	3.4	37.4	1.3		11.9		23	1.5	7.7	54	100				66	6.07	60.4
	1978	6	201							2.3	45	3.6	48.6	0.83		13.4		21	1.6	8.2	84	126				80	3.25	70.4
	1978	7	193							5.2	44	4.1	48.1	1.4		14.5		29	3	7.9	76	130				80	5.15	73.1
	1978	8	219							5	41	3.9	44.9	0.33		14.2		25	2.4	7.8	77	116				83	5.17	76.2
	1978	9	261							3.5	42	8.5	50.5	0.49		15.1		31	2.8	7.6	98	147				79	1.44	67.6
	1978	10	273							1.6	52	11	63	0.75		25.6		62	2.9	8.5	117	179		17	62.5	70	1.45	54.2
	1978	11	288							2.4	55	11	66	0.65		31		62	3.1	8.2	123	186		12.5	54.5	55	3.21	47
	1978	12	212							6.9	32	3	35	0.85		15.4		31	4.5	7.8	62	95		3.5	38.3	46	4.72	38
	1979	1	170							6.3	24	5	29	1.82		19.3		21	1.6	7.7	38	75		1	33.8	39	7.39	30.7
	1979	2	183							7.5	29	7	36	2.14		12.2		22	2.6	7.6	57	95		3	37.4	37	5.86	23.4
	1979	3	176							8	23	6	29	1.81	1.59	12.6		21	1.8	7.5	42	79		8.5	47.3	51	3	45.7
	1979	4	180							6.8	25	6	31	1.57		11.7		20	1.6	7.6	45	87		18	64.4	59	3.22	51.3
	1979	5	158							5.1	29	7	36	1.35		12.4		23	1.9	7.8	55	93		22	71.6	71	4.41	62.9
	1979	6	227							9.9	31	6	37	0.86	1.28	11.8		49	2.4	7.9	64	104		21	69.8	75	4.03	67.7
	1979	7	189							4.4	40	7	47	1.76	0.4	15.2		55	2.3	7.7	83	131		29	84.2	81	4.77	73.1
	1979	8	210							12.4	36	7	43	1.61	0.44	16.6		37	3.8	7	73	120		24.5	76.1	81	6.87	73.3
	1979	9	274							8.5	33	7	40	1.22	0.911	11.5		32	2.5	7	51	109		23.9	75	74	7.77	66.8
	1979	10	224							13.4	27	3	30	1.51	1.29	11.8		26	2.8	7	34	99		11.7	53	62	5.36	54.6
	1979	11	169							8.5	30	5	35	1.02	1.1	13		31	2	7.3	58	102		14	57.2	56	3.63	49.1
	1979	12	167							5.5	31	6	37	1.53	1.39	14.3		22	1.8	7.7	62	95		7.1	44.8	45	1.49	38.5
	1980	1	151							6.8	29			1.4	1.49	15.2		22	1.6	7.4	56			2.3	36.1	42	2.61	32.4
	1980	2	174							3.4	37			2.62	1.89	18		25	1.6	8.1	75			2	35.6	42	1.11	29.8
	1980	3	149							15	27			1.6	1.358	18		30	1.9	7.5	45			8.3	47	46	5.58	40.2
	1980	4	129								25			1.08	1.386	12		19	1.8	7.1	49			10	50	58	4.56	53.5
	1980	5	145							10	28	6	34	1.48	1.01	13.4		22	2.1	7.3	55	95		14.8	58.6	68	3.7	64
	1980	6	190							11	34	6	40	1.32	0.843	15.3		33	2.4	7.4	67	111		25	77.1	76	3.12	68.6
	1980	7	212							12	38	5	43	1.26	0.517	15.2		42	2.6	7.5	76	113		28.4	83.1	85	4.02	76.4
	1980	8	250							6.4	40	6	46	0.45	0.388	24		46	2.8	7.6	74	131		27.6	81.7	88	2.82	76.2
	1980	9	274							6.1	44	11	55	0.7	0.605	19.2		45	2.8	7.8	90	152		24.4	75.9	86	2.27	70.3
	1980	10	304							3.5	54	14	68	0.73	0.84	27.9			2.8	7.9	106	194		10.5	50.9	64	3.82	54
	1980	11	310							2	57	11	68	0.81		33.1		64	3.2	7.6	102	189				54	3.09	42.5
	1980	12	202							5	40	8	48	2.1	1.34	17.8		43	2.5	7.6	78	128		2.9	37.2	45	0.87	34.6
	1981	1	198								53	9	62	1.44	1.668	28.7		63	2.8	8.1	105	177		1.4	34.5	39	0.53	26.8
	1981	2	225							1.2	37	7	44	1.3	1.879	16.3		37	4.9	7.3	59	122		5.1	41.1	44	4.12	37.5
	1981	3	108							4	30	6	36		1.938			25	2.2	7.2	53	100		7.6	45.7	50	1.65	40.5
	1981	4	152							1.8	28	6	34		0.981	5.9			2.4	7.3	53	98		14.5	58	63	3.92	56
	1981	5	133							4.3	27	6	33	1.8	1.67	6.6		25	2.6	7.1	52	94		19.6	67.2	68	4.63	60.9
	1981	6	183							5.9	30	5	35	1.36	1.02	9.3		38	2.8	7.1	50	99		24.6	76.3	78	4.85	72.5
	1981	7	212							7	38	7	45	1.86	0.735	13.5		32	2.5	7.4	82	130		28	82.4	82	4.35	74.9
	1981	8	239							1	41	10	51	1.4	0.235	20		34	3.3	8.1	89	142		26.7	80.1	80	2.73	71.6
	1981	9	279							2	46	9	55	0.4	0.665	20.4		54	3.8	7.9	95	157		23.3	73.9	74	3.24	65.6
	1981	10	286							6	53	11	64	1.06		28.1		61	3.2	7.7	83	178				61	3.11	53
	1981	11	153							3.8	44	9	53	2.01		18.1		40	3.3	7.5	52	154				52	0.71	45.3
	1981	12	154							1.1	43	11	54	1.42		23		50	2.6	7.5	63	154	4			43	3.3	33.7
	1982	1	145							2	37	8	45	1.77		17.2		41	3.2	7.1	65	122		0		41	3.56	25.5
	1982	2	263							5.5	29	8	37	2.2				42	2.9	7.3	46	103				45	3.53	34.8
	1982	3	162							5.9	31	7	38	1.8		13		47	1.8	7.6	49	107		8	46.4	50	3.16	42.1
	1982	4	176							0.8	28	7	35	1.51		14.3		70	2.1	8	49	95				59	4.24	49.9
	1982	5	194							0.9	34	8	42	0.97		19.1		61	1.8	8.3	49	119		19	66.2	73	2.84	64.9
	1982	6	222							2.3	30	6	36	2.23		12.4		30	2.9	7.9	67	101				78	5.51	68.5
	1982	7	195							2.6	40	10	50	1.22		13.1		34	2.1	8.2	50	141		29	84.2	84	3.98	75.3
	1982	8	253							5.7	54	14	68	0.55		13.7		34	2.9	8.2	72	146				81	2.15	71
	1982	9	321							2.5	47	11	58	1.14		24		59	2.9	8	76	156		20.5	68.9	76	2.79	66
	1982	10	261							2.6	57	10	67	0.89		24.3		66	3	8.2	80	179				68	2.01	56.1
	1982	11	290							1.2	53	10	63	1.3		25.1		45	3.2	8.2	86	170				57	3.93	48.1
	1982	12	183							2.3	40	8	48	1.69		19.5		38	3.4	8.1	75	133		9.5	49.1	51	2.36	42.2
	1983	1	202								37	7	44	1.68		18.7		37	2.1	8	49	116				44	1.99	33.7
	1983	2	193								36	5	41	1.83		21.7		32	2.4	7.8	44	86		2.5	36.5	44	2.99	34.5
	1983	3	203								21	5	26	2.4		13.1		30	2	7.5	40	73				51	5.99	44.8
	1983	4	174								24	3	27	1.3		11.8		30	1.8	7.5	42	71		8	46.4	58	7.47	50.2
	1983	5	142							9.7	36	2	38	2.13		10.1		22	1.8	7.7	56	99		15	59	70	5.6	60.6
	1983	6	236							7.9	33	7	40	1.82		17.2		24	1.7	7.9	69	110				79	4.44	70.8
	1983	7	220							6.5	39	13	52	2.1		21.8		40	2.8	8	89	150		28	82.4	85	1.35	76.5
	1983	8	275							5.8	41	13	54	1.38		27.9		57	2.8	7.9	94	155				85	2.76	76.1
	1983	9	190							4.6	47	13	60	1.72		28.7		68	3.1	8.1	109	169		23	73.4	77	3	67.9
	1983	10	243							6.5	50	10	60	1.72		25.6		67	3.1	8.2	108	148				70	4.67	56.5
	1983	11	267							5.9	35	10	45	1.44		10.6		44	3	8	74	127		8	46.4	55	5.31	46.7
	1983	12	178							7.4	23	9	32	2.97		10.3		26	2.5	7.7	47	93				46	6.35	32.8
	1984	1	217							8.9	35	9	44	3.44		16.2		32	2.6	8	71	123		2	35.6	39	2.14	27.9
	1984	2	168							9.1	25	7	32	2.86		13.7		24	2.9	7.7	48	92		7	44.6	46	4.43	39.9
	1984	3	158							7.9	27	7	34	3.06		12.8		26	2.1	7.9	53	96		7	44.6	48	6.43	37.7
	1984	4	207							8.3	25	6	31	1.87		8.1		23	2	7.8	54	88				57	4.47	50.9
	1984	5	206							9.1	31	7	38	2.02		10.3		22	1.9	8.1	66	109		14	57.2	71	5.99	61.5
	1984	6	242							4.1	41	9	50	1.42		24.6		32	2.2	8.3	93	139				81	2.54	72.3
	1984	7	237							4	42	11	53	2.06		19.6		27	4.4	8.2	39	149				85	5.32	73.3
	1984	8	209							3.9	36	7	43	1.11		12.3		27	2.7	7.8	76	120				83	4.31	74.5
	1984	9	234							3.2	46	11	57	1.46		16.5		39	2.8	8.1	99	161		23	73.4	76	1.57	64.4
	1984	10	284							1.7	53	11	64	2.09		19.6		51	2.9	8.2	109	177				67	3.21	61.6
	1984	11	215							2.4	49	9	58	2.41		21.2		48	3.5	8	96	158		8	46.4	55	3.43	43.4
	1984	12	197							4.1	32	8	40	2.37		13.5		26	2.7	8	65	118				50	1.94	43.6
	1985	1	374							3.2	35	8	43	3.09		14		32	2	8.2	75	119		3	37.4	43	2.4	27.9
	1985	2	408							6.8	30	8	38	1.6		18.3		32	3.2	7.8	61	107				43	3.15	34.8
	1985	3	355							6.6	29	6	35	3.44		10.7		44	1.73	7.9	57	100		9	48.2	54	2.54	45.2
	1985	4	320							3	30	6	36	1.76		11.2		28	1.8	8	61	99				66	0.69	56.8
	1985	5	400							1.8	32	7	39	1.82		11.4		46	2.2	7.6	69	107		17	62.6	73	5.21	64.3
	1985	6	438							3.2	33	9	42	1.36		11.4		32	2.28	7.7	67	112				77	2.95	69
	1985	7	430							1.6	33	8	41	0.8	0.09	15.5		47	2.6	7.6	68	116		28	82.4	84	4.37	74.5
	1985	8	543							2	36	9	45	1.38		23.3		67	3.2	7.6	75	131				84	4.85	72.9
	1985	9	596							2.8	43	10	53	2.18	1.04	23		52	3.09	7.9	86	130		28	82.4	79	4.79	67.7
	1985	10	612							1.6	48	12	60	1.04		30.6		58	3.75	7.9	91	161				68	3.34	58.6
	1985	11	336							6.2	32	12	44	1.67	1.08	8.2		34	3.05	7.6	56	111		13.7	56.6	58	5.85	51.6
	1985	12	282							4.2	34	8	42	1.8		10.2		39	2.37	7.7	59	120				45	1.24	33.1
	1986	1	206							2.4	44	9	53	2.32	1.935	16.8		49	2.01	8	83	115		1.5	34.7	42	2.83	33.3
	1986	2	206							3.6	30	9	39	2.1		22		30	2.1	7.7	54	115				43	3.81	33.8
	1986	3	278							3.4	31	7	38	3.21	1.821	19		28	1.79	7.7	57	108		5	41	51	1.59	44.8
	1986	4	175							3.5	31	8	39	1.26		12.6		27	2.1	8.2	61	114				61	2.5	53.9
	1986	5	248							3.7	36	8	44	1.02	0.604	12.7		31	1.3	8	76	124		21	69.8	73	1.42	65.2
	1986	6	232							2.2	35	8	43	0.96		14.8		34	2.25	7.8	76	121					1.86	72.7
	1986	7	238							1.9	36	9	45	0.61	0.189	20.8		49	3.02	7.4	68	129		26	78.8	85	3.24	77.8
	1986	8	276							1.4	33	11	44	0.29		26.8		67	3.14	7.4	68	129				81	4.94	72.3
	1986	9	319							2.4	48	10	58	0.63	0.391	26		92	3.45	7.9	90	166		23	73.4	74	1.07	67.9
	1986	10	318							2.7	54	12	66	0.84		28.8		114	3.39	7.9	99	186				65	2.62	58
	1986	11	298							0.7	51	10	61	1.13	0.677	22.4		77	3.2	7.9	89	171		14	57.2	52	5.09	44.6
	1986	12	172							1.6	34	7	41	1.98		16.5		41	3.25	7.7	63	115				46	5.76	37.6
	1987	1	239							3.8	30	8	38	2.41	2.0915	18.9		38	2.19	7.8	62	109		3	37.4	36	5.37	31.3
	1987	2	176							2.9	32	7	39	2.47		20.8		32	2.41	7.9	55	114				44	1.81	32.8
	1987	3	184							2.3	30	6	36	1.82	1.881	14.6		34	2.48	7.8	60	102		7	44.6	59	2.32	44.6
	1987	4	205							3.2	26	5	31	1.4		10.2		26	2.05	7.5	51	87				69	3.44	51.5
	1987	5	189							4.4	29	6	35	1.32	0.9615	10.1		26	1.8	7.6	61	100		20	68	80	3.45	64.1
	1987	6	161							3.6	36	8	44	1.4		14.5		31	2.2	7.7	81	126				80	2.96	73.4
	1987	7	228							4.2	37	7	44	1.51	1.57	19.5		40	4.76	7.6	79	129		26	78.8	83	3.12	78.4
	1987	8	310							2.5	43	11	54	1.1		26.5		63	3.5	7.7	95	156				80	1.51	74.8
	1987	9	220							2.9	41	9	50	1.44	0.914	24.3		54	3.42	7.7	81	144		23	73.4	72	6.13	68.2
	1987	10	238							3.4	43	10	53	1.3		19.8		44	3.03	8.1	93	150				56	2.28	51.1
	1987	11	245							5	41	9	50	1.42	0.837	23		38	3.44	7.9	82	142		12	53.6	50	3.76	47.4
	1987	12	180							4.8	30	7	37	2.41	1.68	12.1		24	2.62	7.6	58	106		0		45	2.72	38.5
	1988	1	183								29	8	37	2.27	1.68	13.2		26	3.7	7.6	61	110		0		36	3.06	27.9
	1988	2	173							8.2	26	8	34	2.56		17.2		24	2.13	7.7	55	99				40	3.3	34.7
	1988	3	136							6.6	28	7	35	2.12	1.782	15.1		27	2.42	8	62	102		6	42.8	50	2.54	44
	1988	4	158							3.9	27	9	36	1.54		12.7		28	2.07	7.7	58	96				59	2.88	51.1
	1988	5	178							7.5	24	6	30	1.24	0.9145	9.6		26	2.03	7.6	52	87		16	60.8	63	5.84	62.4
	1988	6	198							5.2	35	7	42	1.94		16.8		32	2.3	7.8	83	119				76	0.84	71.1
	1988	7	245							8.2	39	9	48	0.94	0.85	25.2		58	2.81	7.6	90	133		29	84.2	82	4.93	77.9
	1988	8	275							7.7	39	10	49	1.36		28.6		55	3.88	7.8	97	147				83	3.93	77
	1988	9	275							5.8	44	9	53	0.49		27.9		58	4.05	8.1	95	151		23	73.4	72	2.89	65.1
	1988	10	318							2.5	50	11	61	0.74		28.7		79	3.65	8.3	104	173				58	2.08	50.4
	1988	11	272							1.6	50	10	60	2.09	0.862	28.8		68	3.8	8.1	93	155		10	50	51	4.85	46.1
	1988	12	226							1.7	39	8	47	1.54		21.7		46	2.95	8.3	84	134				41	1.07	35.4
	1989	1	221							2.4	31	7	38	2.01	0.9655	30.5		41	2.97	7.9	61	107		2	35.6	41	2.84	37
	1989	2	205							3.4	32	8	40	2.13		22.7		35	2.42	8	63	119				43	3.26	34.7
	1989	3	170							5.4	26	7	33	2.37	1.59	16.2		29	2.5	7.7	49	99		7	44.6	47	5.21	42.6
	1989	4	167							5.5	28	7	35	1.83		14.1		27	2.15	7.8	62	99				58	3.41	51.1
	1989	5	187							8	24	6	30	1.44	0.9605	9.3		25	2.12	7.6	54	88		15	59	62	7.62	61
	1989	6	173							9.6	29	6	35	2.11	1.4815	22.4		26	2.3	7.6	68	100		25	77	75	6.86	73
	1989	7	227							9.1	32	7	39	2.27		13.3		26	3.07	7.7	69	114				78	6.55	74.9
	1989	8	254							5.3	36	9	45	2		12.7		32	2.67	8	86	128				78	2.76	73.1
	1989	9	273							3	38	10	48	1.58	1.494	14.5		19	2.48	8	96	137		23	73.4	73	4.41	67.4
	1989	10	233							3.8	35	8	43	1.3	1.395	11.8		36	4.04	7.9	81	124		15	59	61	4.64	57.2
	1989	11	164							3.7	32	7	39	1.68		11.2		32	2.89	7.9	73	113				51	2.71	44.7
	1989	12	216							1.8	35	9	44	1.76		20.9		32	2.22	8.6	82	128				37	1.66	24.5
	1990	1	179							3.6	30	9	39	1.44	1.787	14.8		30	4.5	7.9	63	113		5.5	41.9	40	4.1	40.4
	1990	2	260							5.9	28	6	34	2.28		14.4		31	3.04	7.8	55	98				46	2.09	41.8
	1990	3	202							1.1	34	8	42	2	1.4855	17.4		33	2.56	8.5	75	120		9	48.2	53	2.72	46.6
	1990	4	147							3.8	27	8	35	1.86		12.2		22	2.21	7.8	65	99				57	3.91	53.3
	1990	5	161							7.5	28	7	35	2.32	0.7295	14.3		26	2.56	7.6	64	99		18	64.4	65	6.84	60.7
	1990	6	203							9.1	29	7	36	2.09	0.689	13.9		29	2.6	7.8	70	103		24	75.2	73	2.64	71.1
	1990	7	269							7.5	33	8	41	2.33		23.6		25	2.9	7.6	77	118				77	4.91	75.6
	1990	8	246							8.3	32	9	41	2.19		15.9		43	3.1	7.8	79	118				77	5.89	72.9
	1990	9	216							7.6	41	8	49	1.78	1.492	16		44	3.49	8	95	141		26	78.8	72	2.11	65.6
	1990	10	220							4.7	34	7	41	1.16		10.3		19	3.5	7.8	79	119		15	59	63	4.54	59.3
	1990	11	170							7.9	35	7	42	2.72		16.6		32	2.63	7.8	82	119				51	1.98	48.2
	1990	12	120							2.4	32	6	38	2.12		13.6		27	2.65	7.7	66	108				45	5.1	40.8
	1991	1	162							7.7	26	6	32	1.48		7.5		20	2.38	7.7	56	94		4	39.2	41	3.82	34.3
	1991	2	206							7.4	33	7	40	2.42		14.3		30	1.98	8	72	116				42	1.32	39.5
	1991	3	131							2.8	26	7	33	1.74	1.49	16.2		22	2.04	8	62	100		8	46.4	48	4.9	45.3
	1991	4	153							3	29	6	35	1.74		10.6		26	1.8	7.8	66	101				57	2.53	54.7
	1991	5	191							5.6	34	8	42	1.56	0.99	13.3		30	2.19	7.7	82	118		20	68	72	1.82	68.5
	1991	6	243							7.9	40	11	51	1.27		16.7		35	2.86	7.9	104	147				78	2.21	72.3
	1991	7	207							7.7	40	12	52	0.69	1.19	20.5		33	2.87	8.3	107	150		28	82.4	81	3.37	77.2
	1991	8	228							8.1	38	10	48	0.83		14.4		31	3.22	8.5	105	140				79	3.58	75.6
	1991	9	263							7.2	37	10	47	1.08		24.3		44	3.5	8.3	102	135		25	77	73	3.71	66.7
	1991	10	282							7	40	11	51	2.86	0.95	27.2		46	4.18	8.5	121	158		16	60.8	62	2.22	56.9
	1991	11	254							1.8	47	11	58	1.38		30.2		56	4.26	8.4	124	166				50	1.67	45.4
	1991	12	244							6.6	39	7	46	2.21		23		37	4.22	8	83	123				43	4.64	38.4
	1992	1	253							9.6	35	6	41	2.71	1.69	22.8		37	3.53	8	78	117		6	42.8	40	1.74	35.2
	1992	2	202							3.8	39	7	46	1.47	1.69	24.4		31	2.41	8.2	74	126		8	46.4	40	2.7	37.6
	1992	3	149							8.3	27	5	32	2.11	1.69	14.3		31	2.22	7.7	53	92		8	46.4	44	4.76	41.5
	1992	4	163							3.8	30	6	36	1.98		9.1		40	2.08	7.8	66	102				55	2.17	52.4
	1992	5	157							5.4	31	4	35	1.23	1.08			22	2.1	7.7	67	100		17	62.6	62	3.76	59.4
	1992	6	174							6.6	34	5	39	1.86		8.7		27	2.58	7.8	78	110		25	77	70	2.74	67.9
	1992	7	250							5.8	39	7	46	1.81	1.68	6.8		30	2.82	7.9	87	127		16	60.8	78	5.34	75.4
	1992	8	79							5	40	8	48	1.66		6.9		37	3.16	8.1	91	135		29.5	85.1	75	4.1	70.7
	1992	9	147							3.4	41	9	50	1.79		12		27	3.16	8	101	146		24	75.2	70	5.09	66.3
	1992	10	249							1.2	42	9	51	1.79		13.9		43	4.05	8.3	105	144				58	1.76	52.9
	1992	11	208							9.7	37	7	44	2.14	1.29	24.4		42	3.83	7.8	82	124		8	46.4	50	3.97	45.7
	1992	12	185							7.1	28	6	34	2.19		9.9		25	2.64	7.7	62	98				40	4.5	37.2
	1993	1	162							7.6	29	6	35	2.3	1.88	18		30	2.2	7.8	61	94		3	37.4	41	2.75	36.9
	1993	2	148							6.4	32	7	39	2.7		17		28	2	8.3	69	110				38	2.7	31.3
	1993	3	145							7.4	22	5	27	1.4	1.4575	6		21	2.2	7.8	47	78		6.2	43.2	41	7.45	39.1
	1993	4	172							7.2	22	5	27	2	1.38	10		25	2.1	7.6	50	77		15	59	54	5.35	51.8
	1993	5	234							6.6	35	6	41	2.2		16		32	1.9	8.1	82	116		17.5	63.5	66	2.89	63.9
	1993	6	215							3.1	40	8	48	2.1	1.485	20		41	2.4	8	98	135		22.8	73	75	3.26	70.9
	1993	7	263							7.6	38	10	48	0.8	0.975	22		39	3.2	8	97	138		30.5	86.9	82	2.2	78.3
	1993	8	266							7.3	39	10	49	1.4	1.29	23		37	3	8.3	99	142		26	78.8	79	3.6	75.2
	1993	9	276							5.2	38	10	48	1.3	0.72	24		35	3	8.4	101	140		26.5	79.7	73	4.61	67.7
	1993	10	296							2.9	44	11	55	1.8		31		39	4.3	8.5	114	157		17.5	63.5	60	3.29	54.7
	1993	11	221							4.8	26	6	32	1.6	1.08	21		35	3.1	8.2	103	145		12.5	54.5	51	4.22	45.7
	1993	12	165							6.5	26	6	32	1.7		20		20	3	7.8	61	92		8	46.4	45	4.24	35
	1994	1	202							8.3	30	7	37	2.1		30		27	2.3	7.93	69	109		0.8	33.4	38	4.53	25.9
	1994	2	176							7.2	22	5	27	1.5	1.78	25		21	2.2	7.71	48	78		2	35.6	40	4.75	32.8
	1994	3	124							8.7	20	5	25	2	1.38	16		20	2	7.68	46	74		6.5	43.7	44	8.31	41.7
	1994	4	164							7.1	25	7	32	1.9	1.58	13		22	1.9	7.96	65	94		13.9	57	59	2.76	57.8
	1994	5	212							1.3	31	6	37	1.8	1.39	14		24	2.2	7.94	73	106		19.3	66.7	67	3.38	59.1
	1994	6	236							5.4	36	10	46	1	0.99	17		30	2.7	7.75	94	133		26	78.8	80	2.41	74.2
	1994	7	227							4.5	35	9	44	0.8	0.5	22		36	3.3	7.66	92	130		28.8	83.8	83	5.7	77.4
	1994	8	221							7.9	33	8	41	1.3	0.97	16		26	3.6	7.78	88	117		25.6	78.1	79	5.31	71.6
	1994	9	215							5.1	39	9	48	1.6	1.04	22		36	3.2	8.13	99	138		22.5	72.5	72	3.31	65.6
	1994	10	273							3.1	43	10	53	2		25		41	3.6	8.2	118	152		16.1	61	63	1.13	54.5
	1994	11	324							5.1	43	10	53	1.9		21		52	3.4	8.08	108	149		12.6	54.6	57	3.36	50
	1994	12	150							6	29	8	37	2		15		24	4.6	7.95	75	115		5	41	46	2.2	40.7
	1995	1	256							3.1	29	7	36	2.4	1.39	13		27	2.4	7.96	66	102		3.6	38.5	41	3.89	36.4
	1995	2	228							9.2	34	8	42	2.8		22		30	2.1	8.07	81	119		2.5	36.5	38	1.99	31.4
	1995	3	196							5.6	29	7	36	1.6		19		24	2.2	7.97	67	101		11.5	52.7	52	1.87	45.5
	1995	4	203							2	35	8	43	1.6	1.09	19		28	1.8	7.97	83	122		13.1	55.7	59	2.39	52.6
	1995	5	200							6	30	6	36	1.4	0.83	16		29	1.8	7.64	67	100		19.1	66.4	66	4.5	61.9
	1995	6	185							5.3	32	7	39	1.3	1.07	17		29	3.3	7.73	74	111		24	75.2	76	3.92	71.2
	1995	7	220							8.3	31	6	37	0.9		16		28	3.3	7.8	73	104		27.3	81.1	81	3.13	77.6
	1995	8	187							6.9	36	8	44	1.2		13		40	2.7	8.22	88	126		29	84.2	85	1.96	76.3
	1995	9	217							4.2	41	11	52	0.7		25		52	3.6	8.43	100	152		22.6	72.7	76	2.99	66.7
	1995	10	231							1.5	42	9	51	2.1		17		27	3.2	8.14	92	144		17.9	64.2	67	6.37	58.9
	1995	11	218							9	31	7	38	1.4		19		23	3.7	7.8	71	108		7.5	45.5	51	4.49	40.8
	1995	12	148							5.9	31	6	37	2.6		25		27	3.1	7.86	65	106		1	33.8	44	2.52	31.9
	1996	1	129							4.8	26	5	31	2.1	1.91	15.2	4.3	2.3	2.28	7.71	56	89		2.1		40	5.65	30.3
	1996	2	192							9.2	29	5	34	2.38	2.64	18.8	8.29	24.8	2.48	7.78	60	98				46	2.64	33.9
	1996	3	148							7.8	26	5	31	1.93	1.81	17.8		24.5	1.9	7.81	57	89				54	3.97	38.5
	1996	4	126							10.6	28	6	34	1.46	2.16	17		24.3	2.08	8.07	65	97				62	3.56	53.3
	1996	5	125							8.8	26	5	31	1.47	1.94	13.2	9.46	11.9	3.5	7.78	64	92				71	5.77	60.4
	1996	6	127							4.5	26	7	33	1.3	1.99	10.2	5	19.9	3	7.78	81	90		24	75.2	81	5.76	72.4
	1996	7	109							8.4	32	6	38		2.01				2.65	7.86	75	110				83	7.69	73.5
	1996	8	169							8.8	31	6	37	1.61	1.92	10.9		20.7	3.2	7.84	75	102		21.5	70.7	80	3.86	72.5
	1996	9	188							4.6	30	7	37		1.27		10.12		2.47	7.7	72	110		21.9	71.4	74	6.61	67.2
	1996	10	155							6.9	34	6	40	2.13	2.28	14.3		17.9	2.2	7.91	81	110				65	4.6	55.9
	1996	11	138							8.8	34	6	40		1.75		8.08		2	7.94	76	113				54	3.16	40.3
	1996	12	108							8.4	22	5	27		2.39				1.99	7.63	52	77				52	6.34	39.5
	1997	1	180							8.6	34	7	41				7.9		1.8	8.2	56	116				51	2.47	33.3
	1997	2	194							7.6	29	6	35						1.7	8.03	60	99				48	2.66	40
	1997	3	158							8.4	25	5	30			8.4	5.1	23	2	7.78	57	85		8.5	47.3	52	5.2	45
	1997	4	150							6.7	31	7	38		1.305	14.1	8.7	27.1	2.34	8.1	65	110		14.8	58.6	59	2.45	50.6
	1997	5	194							1.4	36	8	44		0.707	13.7	9.15	30.7	2.59	8.31	64	125		21.2	70.2	66	2.32	59.2
	1997	6	176							9.6	28	7	35		0.605	12	8.02	29.5	2.93	7.71	61	102		28.9	84	75	3.02	69.4
	1997	7	210							7.2	33	10	43		0.21	18.5	12.2	32.1	4.91	7.72	75	125		28.5	83.3	83	2.62	75.7
	1997	8	234							9.9	35	10	45		0.925	21.6	14.7	39.9	3.3	7.89	75	134		25.5	77.9	81	3.76	72.4
	1997	9	237							6.4	39	10	49	1.38	0.976	20.8	14	45.4	2.92	7.95	72	143		19.4	66.9	75	2.55	66.3
	1997	10	220							1.5	43	11	54			19.9	15.1	39.9	2.59	8.3	81	155		11	51.8	65	2.67	55.9
	1997	11	290							3.5	33	8	41	1.76	1.756	12.4	18.59	29.7	2.07	7.9	76	118		6.5	43.7	52	6.15	43.1
	1997	12	166							3.5	36	8	44			13.1	9.1	39.9	2.2	8.13	52	128		5	41	45	2.56	37.7
	1998	1	182							9.5	35	6	41	1.802	1.802	10.7	13.3	25	1.9	7.8	56	92		4.5	40.1	45	6.22	40.3
	1998	2	172							9.5	30	5	35			6.9	6.6	18.2	1.7	7.8	53	80		5.8	42.4	46	5.59	40.4
	1998	3	153							9.4	33	5	38	1.2		7.5	4.9	20.2	1.8	7.8	60	85		9.5	49.1	50	5.53	45
	1998	4	114							4.8	37	5	42	1	1	6.6	5.9	19	1.9	7.9	70	110		15.9	60.6	62	3.93	55.2
	1998	5	204							8.6	38	5	43	1.11	1.111	5.8	4.5	16.2	2.4	7.9	77	101		19.1	66.4	70	4.71	65.4
	1998	6	226							3.5	44	7	51	1.5	1.469	12.7	9.3	32.1	2.7	7.9	97	131		22.3	72.1	78	5.08	70.7
	1998	7	200							7	43	9	52	0.983	1.104		8.9		3.17	8.1	102	136		28.2	82.7	85	2.41	75.4
	1998	8	221							6.4	45	12	57	0.922	1.044	16.7	12.7	33.8	3.05	8.1	112	154		27.6	81.7	85	2.51	75.1
	1998	9	199							5	42	12	54	0.94	0.808	19.5	14.8	39.7	3.8	8.2	110	149		25.3	77.6	81	1.74	71.4
	1998	10	254							1.5	48	13	61	0.975		19.2	15	39.7	2.98	8.3	120	164		16.9	62.4	67	1.92	56.8
	1998	11	225							0.9	45	14	59	1.035	0.925	21.4	16.6	44.6	3.1	8.5	123	164		10.2	50.4	55	0.98	46.7
	1998	12	258							0.8	50	14	64	1.3	0.882	29.5	15.7		5.05	8.5	134	173		9.2	48.5	51	2.06	41.7
	1999	1	288	265	19		462	213		2.3	35	8	43	1.456	1.683	32.3	21.6	36.57	2.37	8.2	87	124		2	35.6	45	5.37	36
	1999	2	225	209	17		155	4		1.7	35	7	42	1.099	1.321	20.2	13.2	42.32	2.33	8.4	81	120		6.5	43.7	53	2.62	37.2
	1999	3	197	191	21		183	14		3.8	28	7	35	1.255	1.353	18.2	10.6	22.44	2.11	8.4	63	100		4	39.2	55	4.36	41
	1999	4	176	160	14	814	170	18		3.7	28	6	34	1.108	0.909	13.5	9.3	29.4		8.3	62	98		13	55.4	65	3.17	53.5
	1999	5	168	163	10	342	707	22		3.1	31	7	38	0.884	1.023					8	78	110		22	71.6	73	1.6	63.2
	1999	6	214	198	8	633	889	60		5.2	34	10	44	0.479	0.585				3.1	7.8	94	126		24.5	76.1	81	2.15	71
	1999	7	219	209	7	821	807	5		9.4	32	12	44	0.283					3.3	7.7	96	131		26.5	79.7	87	2.59	78.8
	1999	8	238	228	8	464	981	16		7.6	29	13	42	0.437					3.7	7.8	85	128		27.5	81.5	84	4.48	74.7
	1999	9	202	189	10	720	2521	70		5.6	31	9	40	1.103	1.079				4	7.8	83	114		26	78.8	76	10.45	67.1
	1999	10	191	183	9	350	1470	78		6.9	34	8	42	1.317	1.987				3.08	7.8	85	116		18	64.4	64	3.17	54.5
	1999	11	219	219	3	532	548	35		0.7	42	10	52	1.7		18.9	13.2	32.26	3	7.8	110	148		12	53.6	60	2	50.3
	1999	12	237	234	8		287	17		1	34	7	41	2.2					3	8	82	112		6.8	44.2	51	2.65	38.8
	2000	1	185	182	4		237	9		5.1	37	8	45	2.24		19.64		32.71		8.14	88	125		5	41	47	3.41	32.2
	2000	2	237	232	13		34	7		11.4	31	8	39	2		19.8		26		8.03	73	111		5.1	41.2	45	2.38	38.5
	2000	3	162	156	15		535	200		7.8	24	6	30	1.83		20.3	11	21.5	2.2	7.67	61	84		11.5	52.7	56	4.82	47.6
	2000	4	147	141	11	523	2868	133		5.4	24	5	29	1.63		14.6		20		7.06	54	82		13	55.4	62	4.24	52.5
	2000	5	130	128	5	619	1187	16		6.6	30	6	36	1.71		17.14		22.5		8.15	80	102		25	77	74	3.22	64.7
	2000	6	205	190	6	391	1632	81		9.2	30	6	36	1.78		16.98	9.6	26.32	3.1	7.43	80	101		25	77	78	4.56	72.2
	2000	7	227	223	5	350	1837	30		7.5	36	8	44	1.42		20.64		30.92		7.57	104	124		27.5	81.5	82	6.35	71.7
	2000	8	190	177	6	267	2075	37		7.9	33	7	40	1.38		19.23		41.7		6.98	89	110		26.5	79.7	81	4.22	72.3
	2000	9	224	221	6	120	3444	138		6.3	37	9	46	1.3		17.02		33.58		7.75	106	129		26	78.8	76	5.34	65.3
	2000	10	217	206	4	58	517	39		7.9	41	9	50	1.2		22		41		6.29	97	138				66	0.31	57.1
	2000	11	236	229	3	101	746	23		1.6	47	9	56	1.14		27.71		50.48		6.54	119	164				54	2.14	42.9
	2000	12	238	236	14	208	88	6		0.8	40	9	49	1.29		24.63		47.99		7.89	94	136				43	2.8	28.7
	2001	1	208	206	9	277	1869	323		4.2	36	9	45	2		24.6		40		7.7	92	126				40	3.19	31.9
	2001	2	147	148	12	455	3473	111		6.1	21	6	27	1.7	1.122876667	24.8		34.5		8	89	78				45	2.17	37.8
	2001	3	119	145	13	644	831	52		8.4	26	6	32	1.5	1.175395062	25.9	11.1	22.7	1.8	8.2	67	92				48	4.99	40
	2001	4	145	115	13	453	2245	182		5.7	25	5	30	1.6	1.284532258	15.8	10.7	23		7.8	66	83				58	2.15	54.4
	2001	5	193	134	10	565	3981	241		2.3	32	7	39	1.3	1.142145161	18	13.6	25.3		8.2	94	101				73	4.66	62.2
	2001	6	194	134	40	386	6783	439		8.6	27.1	6	33.1	1.4		16.2		30.1	1.9	7.9	79	93				79	4.75	72
	2001	7	151	172	9	606	5609	29		6.2	28	8	36	0.7		17.3		26		8	84	100				82	4.36	71.9
	2001	8	181	148	10	400	8210	78		6.2	30	8	38	0.7		10.9	 	39.3		7.8	60	104				82	4.35	75.7
	2001	9	199	197	9	120	6435	1306		4.2	32	13	45	0.5		24.4		44.3		7.9	95	133				76	2.78	65.2
	2001	10	262	260	4	140	1209	75		1.3	40	12	52	0.9		24.7		38.4		8.2	112	143				63	0.95	56.3
	2001	11	227	221	3	48	520	309		1	48	13	61	0.4		28.7		59		8.2	127	169				55	1.14	50.5
	2001	12	289	2688	3	135	267	42		1.8	51.8	13	64.8	1.2		31.5		55.7		8.2	125	183				51	1.94	42.2
	2002	1	305	297	3	104	158	18			51	13	64	1.7		29		53		8	125	181				45	2.3	38.6
	2002	2	260	257	3	304	98	15			46	11	57	1.7		39		55		7.8	106	181				45	0.56	39.6
	2002	3	143	139	4	421	2876	270			42	12	54	0.74		36		43		7.4	95	153				53	4.28	45.1
	2002	4	216	212	4	469	2631	278			35	7	42	0.96		17		32		7.4	62	118				65	3.71	56.3
	2002	5	147	143	5	464	6498	559			29	6	35	0.96		12		29		6.9	52	98				68	3.28	61.8
	2002	6	213	257	6	486	6583	54			69	8	77	1.08		14		31		7.5	78	122				82	2.76	72.8
	2002	7	228	219	4	496	6503	38			36	10	46	0.34		21		35		8	89	132				85	2.54	77.6
	2002	8	183	179	4	384	8887	36			38	9	47	0.45		20		64		8.4	79	130				86	2.88	76.8
	2002	9	179	249	4	384	2530	70			34	10	44	0.39		30		63		8.8	79	130				77	4.61	69.3
	2002	10	249	215	4	128	3316	275			44	8	52	2.6		28		64		8	90	140				66	6.42	55.9
	2002	11	184	175	4	107	5861	545			32	7	39	2.26		19		33		7.7	65	106				53	4.41	44.3
	2002	12	185	178	3	120	174	367			32	8	40	2.7		27		37		7.4	66	111				43	4.24	34
	2003	1	189	167	28	160	2616	344			33	9	42	3.04		28		28		7.8	71	118				38	2.43	28.1
	2003	2	226	222	22	216	2550	81			36	9	45	2.44		37		30		7.5	76	128				39	6.37	30.4
	2003	3	166	134	25	355	2081	166			24	6	30	1.89		25		20		7.5	50	84				46	4.01	44.2
	2003	4	165	150	8	603	2451	476			29	15	44	1.77		20	9.4	22	2.1	7.7	65	99				55	3.03	52.5
	2003	5	181	161	22	578	6595	479			28	12	40	1.54		15		18		7.5	63	97				61	6.79	59.5
	2003	6	154	149	35	712	8822	1276			27	20	47	1.43		12		18	2.7	7.3	64	94				66	6.72	69.3
	2003	7	171	171	7	407	11747	2491			37	9	46	1.79		20	7.9	24		7.4	86	132				75	5.6	75.3
	2003	8	234	226	5	374	18384	311			37	9	46	1.71		22		31		7.5	88	131				78	5.42	75.6
	2003	9	231	226	27	112	30703	2850			31	7	38	1.72		17		27		7.2	73	167				68	8.26	67.4
	2003	10	203	176	11	26	11569	3382			34	8	42	2.16		25	12	24	3.2	7.2	77	118				59	4.27	54.4
	2003	11	177	147	17	122	10249	3650			28	7	35	1.98		15		22		7	65	99				52	4.88	50.3
	2003	12	206	175	27	84	5499	1539			27	7	34	2.26		25		21		7.2	60	96				40	4.96	36.1
	2004	1	212	199	3	16	1037	29			36	8	44	2.82		26	19	27	2.3	7.3	75	104				34	2.3	27.8
	2004	2	180	152	10	169	4091	111			30	7	37	1.77		21		22		7.5	64	105				39	2.61	34
	2004	3	154	135	4	304	906	28			28	7	35	1.8		19		24		7.7	61	98				49	2.46	45.3
	2004	4	301	128	41	425	3743	601			25	6	31	1.71		18	9.8	19	1.8	7.8	57	91				54	5.54	54.1
	2004	5	200	159	37	457	6120	840			29	7	36	1.62		17		19		7.7	72	99				70	3.95	69
	2004	6	268	196	45	211	10596	238			31	7	38	2		18		23		7.7	77	107				74	4.5	70.6
	2004	7	239	226	9	201	6777	118			37	9	46	1.5		25	13	31		7.8	94	129				76	5.9	75
	2004	8	229	218	13	155	4838	197			37	9	46	1.7		22		29	3.3	7.9	92	128				79	5.58	73.2
	2004	9	293	141	65	90	4774	1510			31	8	39	1.5		15		25		7.8	78	108				73	5.39	68.5
	2004	10	228	221	13	48	1783	41			37	8	45	2.11		20	15	29		8.1	98	128				60	1.78	55.2
	2004	11	218	213	7	80	1200	53			37	8	45	1.81		19		33	3.3	8	88	125				53	4.45	48
	2004	12	194	162	14	80	382	1160			27	7	34	2.07		14		24		7.9	69	96				43	3.06	37.3
	2005	1	180	174	18	116	2669	168			30	7	37	1.88		13	12	28	2.5	7.8	67	102				44	3.93	33.5
	2005	2	187	174	5	104	2008	30			33	8	41	3		40		29		8	75	114				48	2.03	36.6
	2005	3	155	150	23	381	4382	185			28	7	35	1.9		27		26		8.3	67	98				60	4.61	39.1
	2005	4	197	190	28	636	1970	146			29	6	35	2.19		21	13	24	2.5	7.8	65	99				66	3.77	54.4
	2005	5	118	112	11	345	6160	33			34	8	42	1.68		21		26		7.9	84	116				79	3.71	58.2
	2005	6	222	220	10	371	11256	897			38	8	46	1.41		21		33	3.2	7.8	97	126				82	3.07	72.6
	2005	7	174	168	15	656	10395	39			33	8	41	2.1		20		24		7.8	90	114				84	5.53	77.4
	2005	8	232	227	6	622	5795	29			38	10	48	0.84		23	12	41		7.9	110	136				79	3.33	77
	2005	9	257	256	6	836	5738	137			39	12	51	0.86		27		47		7.9	118	145				66	0.66	70.9
	2005	10	250	242	9	314	4493	261			38	10	48	2.27		28		62	4.4	7.8	104	137				56	7.72	57.4
	2005	11	198	195	6	160	2492	92			41	8	49	1.73		20	19	41		7.9	105	140				47	3.21	48.3
	2005	12	190	183	13	154	10050	150			30	7	37	2.78		37		26		7.7	70	103				56	3.15	33.4
	2006	1	149	140	10	299	28	6			27	6	33	2.4		20	8.8	26	2.2	7.8	62	94				48	3.76	40.7
	2006	2	205	202	6	245	71	5			29	6	35	2.2		31		24		7.9	69	98				48	1.78	35.8
	2006	3	173	159	6	154	9	3			37	8	45	2.11		28		32		8.3	92	126				59	0.36	43.8
	2006	4	187	184	4	210	133	9			36	8	44	1.5		27	8.1	32	2.3	7.7	83	123				66	3.62	56.1
	2006	5	173	170	15	325	298	7			30	6	36	1.35		18		29		7.6	73	98				69	2.37	61.7
	2006	6	166	164	5	296	1905	382			33	7	40	0.77		20		35		7.4	81	111				78	9.17	71.2
	2006	7	200	196	3	336	426	12			39	7	46	1.58		18	13	30	3	8	100	127				82	4.02	77.4
	2006	8	225	216	3	349	503	9			38	11	49	0.89		25		38		7.8	109	140				84	1.2	76.6
	2006	9	224	222	3	333	381	13			39	9	48	1.46		24		36		8.1	105	138				73	7.46	65
	2006	10	171	166	3	200	2018	89			41	10	51	1.35		24	15	38	3.8	8.1	105	143				64	5.32	54.5
	2006	11	198	185	13	192	179	10			30	7	37	1.82		17		25		7.7	71	104				54	5.08	48.9
	2006	12	188	185	4	96	548	17			37	8	45	2.26		22		27		7.9	99	125				59	2.04	42.6
	2007	1	194	187	13	232	4093	184			31	7	38	2.26		21	14	23	2.1	7.9	77	109				45	3.1	38.3
	2007	2	227	222	17	197	5999	41			37	4	41	2.29		50		29		8.2	92	132				39	2.62	27.9
	2007	3	162	141	26	200	3697	138			24	7	31	1.84		23		21		7.4	62	88				50	3.97	44.4
	2007	4	195	181	46	208	4266	326			28	6	34	1.65		19	9.3	22	2	7.7	70	96				55	4.6	50.7
	2007	5	186	173	5	156	3205	15			36	9	45	1.81		24		30		7.9	97	126				69	1.24	64.3
	2007	6	219	212	4	184	323	75			37	10	47	1.02		24		33		7.9	105	134				79	2.89	72.4
	2007	7	257	246	2	201	8915	6			36	12	48	0.43		26	23	40	2.9	8.2	106	140				81	2.77	75.1
	2007	8	229	226	4	299	8838	32			39	12	51	0.43		28		51		8.2	100	145				80	4.2	76
	2007	9	226	226	2	224	3337	30			36	12	48	0.42		25		40		8.4	97	137				76	1.33	69.4
	2007	10	244	243	2	138	4678	92			38	14	52	0.42		31		53	4.3	8.3	109	152				68	4.66	62.5
	2007	11	237	237	1	128	441	24			48	11	59	1.14		29	20	49		8.2	121	166				54	1.94	44.9
	2007	12	226	222	18	363	2189	365			43	10	53	1.99		34		34		9	90	146				44	4.3	37.7
	2008	1	186	182	9	245	2144	73			35	8	43	2.15		30		32	2.5	8.1	78	120				53		
	2008	2	306	236	10	229	3356	56			29	7	36	2.43		33	18	27		7.9	64	100				54		
	2008	3	272	209	65	262	4023	296			30	6	36	2.06		26		25		7.9	66	100				58		
	2008	4	153	146	32	260	4081	715			28	7	35	1.46		22		22	2.9	7.8	71	105				64		
	2008	5	258	194	31	595	25530	1570			29	6	35	1.53		15	14	23		7.6	67	90				66		
	2008	6	223	212	11	390	12449	242			38	7	45	1.97		21		31		7.9	97	125				78		
	2008	7	188	192	9	437	3919	22			42	10	52	1.22		25		40	3.2	8.1	90	147				81		
	2008	8	201	155	3	494	4311	47			33	13	46	0.57		25		46		8.6	105	139				78		
	2008	9	155	155	4	440	4450	51			37	11	48	1		29		44		8.4	95	136				76		
	2008	10	301	298	3	320	1037	36			41	12	53	0.91		27	19	44	4.1	8.5	102	150				66		
	2008	11	247	256	1	216	280	27			49	12	61	1.25		34		52		8.3	119	171				57		
	2008	12	226	224	13	224	7194	260			35	9	44	1.83		27		37		7.8	78	121				50		
	2009	1	165	165	9	213	282	19			33	7	40	2.24		24		35		7.7	71	113				45		
	2009	2	140	140	4	304	6	1			36	9	45	1.87		43		34		8.3	77	125				46		
	2009	3	211	211	10	336	56	1			38	9	47	1.48		41		38	2.2	8.2	88	131				52		
	2009	4	130	130	16	308	446	5			27	6	33	1.29		29		28		7.7	63	92				59		
	2009	5	150	153	19	357	4813	251			30	6	36	1.48		21		24		7.6	65	99				67		
	2009	6	142	156	14	448	2590	47			30	8	38	1.56		20		25		7.7	72	105				74		
	2009	7	203	204	4	747	653	4			36	11	47	1.09		28		37	3	8	94	135				79		
	2009	8	209	209	6	618	739	8			37	11	48	1.1		29		36	3	8	97	137				81		
	2009	9	235	235	4	469	4329	13			36	12	48	0.75		32		42		8.5	95	137				74		
	2009	10	266	268	8	600	1557	76			37	12	49	1.14		34		42	5.3	8.1	87	140				63		
	2009	11	197	201	6	294	122	7			39	8	47	1.86		29		29		7.8	85	127				59		
	2009	12	501	190	15	245	4835	32			28	7	35	1.88		30		23		7.8	62	96				50		
	2010	1	171	159	20	240	37	4			33	7	40	2.5		43	14	25		7.8	67	114				45		
	2010	2	52	50	7	264	11	2			35	8	43	2.2		56	29	27		7.8	72	119				46		
	2010	3	142	133	17	464	2106	114			28	6	34	1.7		26	14	25		7.7	61	95				54		
	2010	4	185	180	8	588	1171	50			34	8	42	1.7		27	14	26		8	83	117				65		
	2010	5	186	181	8	843	4817	14			35	8	43	1.5		28	14	26		7.9	86	120				73		
	2010	6	194	193	8	813	3452	13			37	10	47	1.2		25	20	34		8.1	88	123				82		
	2010	7	228	219	9	940	2806	5			32	12	44	0.5		33	20	46		8.2	84	120				83		
	2010	8	208	204	10	460	5745	102			30	9	39	0.4		34	20	39		8.3	81	110				81		
	2010	9	200	200	7	424	685	12			29	13	42			36	24	50		8.1	89	125				77		
	2010	10	239	236	9	501	475	10			40	8	48	1.7		32	20	38		8.1	92	122				67		
	2010	11	217	217	4	240	311	6			45	9	54	1.4		38	22	45		8.3	108	149				59		
	2010	12	220	215	11	400	2524	62			38	6	44	2.4		28	16	29		8	84	120				50		
	2011	1	307	306	4	184	17	2			52	9	61	2.2		41	25	42	3.5	8.5	107	162				47		
	2011	2	283	258	11	357	313	2			45	6	51	2.1		60	36	32		8	74	114				52		
	2011	3	183	181	40	364	69	5			36	5	41	1.8		31	16	25		7.5	53	85				57		
	2011	4	162	116	29	616	1737	262			38	6	44	1.4		18	16	21	2	7.6	61	97				61		
	2011	5	149	137	21	628	3189	38			48	9	57	1.5		17	12	23		7.7	71	108				68		
	2011	6	286	272	11	1112	3960	9			48	9	57	1.4		25	10	37		7.9	101	144				78		
	2011	7	252	234	12	1412	6733	5			48	12	60	0.9		27	17	40	3.2	7.8	99	147				84		
	2011	8	275	271	17	1132	6606	14			42	6	48	0.6		23	22	49		8.1	98	152				81		
	2011	9	176	175	26	824	1781	42			43	5	48	1.6		33	20	28		7.7	75	111				73		
	2011	10	196	184	20	216	1781	43			40	5	45	2		23	18	21	3.8	7.7	77	110				69		
	2011	11	138	136	20	181	714	25			38	6	44	1.9		25	19	27		7.7	76	110				61		
	2011	12	171	171	21	372	719	21			34	5	39	2		17	15	23		7.7	67	96				51		
	2012	1																										
	2012	2																										
	2012	3																										
	2012	4																										
	2012	5																										
	2012	6																										
	2012	7																										
	2012	8																										
	2012	9																										
	2012	10																										
	2012	11																										
	2012	12																										
